,Station_ID,Date_Time,air_temp_set_1,precip_accum_set_1,snow_water_equiv_set_1,air_temp_high_24_hour_set_1,air_temp_low_24_hour_set_1,Date,Time
0,MLDU1,10/04/2010 00:00 MDT,50.0,0.1,-0.5,73.4,55.58,10/04/2010,00:00 MDT
25,MLDU1,10/05/2010 00:00 MDT,43.34,-0.1,-0.6,67.28,48.92,10/05/2010,00:00 MDT
49,MLDU1,10/06/2010 00:00 MDT,46.04,0.2,-0.4,53.96,40.28,10/06/2010,00:00 MDT
73,MLDU1,10/07/2010 00:00 MDT,42.08,0.4,-0.5,53.42,40.64,10/07/2010,00:00 MDT
97,MLDU1,10/08/2010 00:00 MDT,35.78,0.5,-0.5,52.7,38.84,10/08/2010,00:00 MDT
121,MLDU1,10/09/2010 00:00 MDT,37.4,0.8,-0.5,49.1,34.88,10/09/2010,00:00 MDT
145,MLDU1,10/10/2010 00:00 MDT,38.84,1.0,-0.5,41.9,32.72,10/10/2010,00:00 MDT
169,MLDU1,10/11/2010 00:00 MDT,41.72,1.4,-0.6,45.32,36.14,10/11/2010,00:00 MDT
193,MLDU1,10/12/2010 00:00 MDT,38.48,1.2,-0.6,52.7,37.22,10/12/2010,00:00 MDT
217,MLDU1,10/13/2010 00:00 MDT,41.18,1.3,-0.6,48.2,37.04,10/13/2010,00:00 MDT
241,MLDU1,10/14/2010 00:00 MDT,46.76,1.5,-0.5,52.16,36.68,10/14/2010,00:00 MDT
265,MLDU1,10/15/2010 00:00 MDT,49.28,1.5,-0.6,56.84,38.12,10/15/2010,00:00 MDT
289,MLDU1,10/16/2010 00:00 MDT,46.58,1.5,-0.6,60.08,44.42,10/16/2010,00:00 MDT
313,MLDU1,10/17/2010 00:00 MDT,49.82,1.6,-0.5,57.74,45.68,10/17/2010,00:00 MDT
337,MLDU1,10/18/2010 00:00 MDT,44.42,1.5,-0.4,59.18,45.14,10/18/2010,00:00 MDT
361,MLDU1,10/19/2010 00:00 MDT,39.92,1.4,-0.7,53.78,42.08,10/19/2010,00:00 MDT
385,MLDU1,10/20/2010 00:00 MDT,44.96,1.4,-0.6,55.22,39.56,10/20/2010,00:00 MDT
409,MLDU1,10/21/2010 00:00 MDT,48.56,1.5,-0.6,54.5,38.84,10/21/2010,00:00 MDT
433,MLDU1,10/22/2010 00:00 MDT,42.08,1.5,-0.5,59.0,43.16,10/22/2010,00:00 MDT
457,MLDU1,10/23/2010 00:00 MDT,39.74,1.3,-0.6,55.22,40.46,10/23/2010,00:00 MDT
481,MLDU1,10/24/2010 00:00 MDT,33.62,1.1,-0.4,46.94,39.2,10/24/2010,00:00 MDT
505,MLDU1,10/25/2010 00:00 MDT,43.16,1.8,-0.4,40.28,33.08,10/25/2010,00:00 MDT
529,MLDU1,10/26/2010 00:00 MDT,23.54,3.2,0.6,44.78,33.44,10/26/2010,00:00 MDT
553,MLDU1,10/27/2010 00:00 MDT,19.94,4.0,1.6,33.44,21.74,10/27/2010,00:00 MDT
577,MLDU1,10/28/2010 00:00 MDT,27.68,4.3,1.7,27.86,18.32,10/28/2010,00:00 MDT
601,MLDU1,10/29/2010 00:00 MDT,45.5,4.3,1.6,37.22,18.14,10/29/2010,00:00 MDT
625,MLDU1,10/30/2010 00:00 MDT,44.6,4.4,1.5,53.96,30.02,10/30/2010,00:00 MDT
649,MLDU1,10/31/2010 00:00 MDT,33.26,4.6,1.9,49.46,42.44,10/31/2010,00:00 MDT
673,MLDU1,11/01/2010 00:00 MDT,34.7,4.7,1.8,47.84,32.9,11/01/2010,00:00 MDT
697,MLDU1,11/02/2010 00:00 MDT,39.56,4.8,1.7,41.72,31.46,11/02/2010,00:00 MDT
721,MLDU1,11/03/2010 00:00 MDT,46.22,4.9,1.3,46.58,30.38,11/03/2010,00:00 MDT
745,MLDU1,11/04/2010 00:00 MDT,49.64,5.0,1.0,56.12,40.46,11/04/2010,00:00 MDT
769,MLDU1,11/05/2010 00:00 MDT,46.58,5.1,0.2,60.98,43.16,11/05/2010,00:00 MDT
793,MLDU1,11/06/2010 00:00 MDT,48.74,5.3,-0.3,57.2,45.5,11/06/2010,00:00 MDT
817,MLDU1,11/07/2010 00:00 MDT,41.72,5.3,-0.6,57.74,45.68,11/07/2010,00:00 MDT
3861,MLDU1,03/14/2011 00:00 MDT,37.76,28.8,28.4,40.46,26.78,03/14/2011,00:00 MDT
3885,MLDU1,03/15/2011 00:00 MDT,30.2,28.8,28.6,43.88,23.54,03/15/2011,00:00 MDT
3909,MLDU1,03/16/2011 00:00 MDT,41.18,28.9,28.5,40.46,29.48,03/16/2011,00:00 MDT
3933,MLDU1,03/17/2011 00:00 MDT,19.58,29.9,29.7,44.96,29.84,03/17/2011,00:00 MDT
3957,MLDU1,03/18/2011 00:00 MDT,18.68,30.0,29.7,42.98,18.32,03/18/2011,00:00 MDT
3981,MLDU1,03/19/2011 00:00 MDT,34.7,30.1,29.9,26.96,15.98,03/19/2011,00:00 MDT
4005,MLDU1,03/20/2011 00:00 MDT,24.08,30.2,29.9,37.22,19.94,03/20/2011,00:00 MDT
4029,MLDU1,03/21/2011 00:00 MDT,33.26,30.4,30.4,35.6,23.72,03/21/2011,00:00 MDT
4053,MLDU1,03/22/2011 00:00 MDT,22.28,30.6,30.6,34.7,21.74,03/22/2011,00:00 MDT
4077,MLDU1,03/23/2011 00:00 MDT,19.22,31.0,31.2,34.34,20.48,03/23/2011,00:00 MDT
4101,MLDU1,03/24/2011 00:00 MDT,29.12,31.2,31.3,27.32,18.5,03/24/2011,00:00 MDT
4125,MLDU1,03/25/2011 00:00 MDT,26.42,31.3,31.4,37.76,18.14,03/25/2011,00:00 MDT
4149,MLDU1,03/26/2011 00:00 MDT,20.3,31.7,31.7,35.42,24.98,03/26/2011,00:00 MDT
4173,MLDU1,03/27/2011 00:00 MDT,26.06,31.8,31.7,27.14,17.42,03/27/2011,00:00 MDT
4197,MLDU1,03/28/2011 00:00 MDT,25.52,32.5,32.9,35.06,18.14,03/28/2011,00:00 MDT
4221,MLDU1,03/29/2011 00:00 MDT,15.26,33.1,33.3,31.1,19.22,03/29/2011,00:00 MDT
4245,MLDU1,03/30/2011 00:00 MDT,23.36,33.1,33.4,25.34,14.36,03/30/2011,00:00 MDT
4269,MLDU1,03/31/2011 00:00 MDT,33.98,33.2,33.8,37.58,14.36,03/31/2011,00:00 MDT
4293,MLDU1,04/01/2011 00:00 MDT,40.82,33.3,33.7,34.34,24.44,04/01/2011,00:00 MDT
4316,MLDU1,04/02/2011 00:00 MDT,46.22,33.4,33.7,44.96,32.54,04/02/2011,00:00 MDT
4340,MLDU1,04/03/2011 00:00 MDT,30.74,33.8,34.1,51.08,37.04,04/03/2011,00:00 MDT
4364,MLDU1,04/04/2011 00:00 MDT,13.28,35.2,35.4,50.72,26.78,04/04/2011,00:00 MDT
4388,MLDU1,04/05/2011 00:00 MDT,32.54,35.3,35.5,29.3,12.74,04/05/2011,00:00 MDT
4412,MLDU1,04/06/2011 00:00 MDT,24.8,35.6,35.9,34.7,12.38,04/06/2011,00:00 MDT
4436,MLDU1,04/07/2011 00:00 MDT,34.16,35.9,36.1,47.12,24.44,04/07/2011,00:00 MDT
4460,MLDU1,04/08/2011 00:00 MDT,26.42,36.3,36.6,39.56,20.66,04/08/2011,00:00 MDT
4484,MLDU1,04/09/2011 00:00 MDT,20.12,37.0,37.6,36.68,25.7,04/09/2011,00:00 MDT
4508,MLDU1,04/10/2011 00:00 MDT,21.02,37.2,38.0,34.34,19.22,04/10/2011,00:00 MDT
4532,MLDU1,04/11/2011 00:00 MDT,23.0,37.2,38.5,36.68,20.12,04/11/2011,00:00 MDT
4556,MLDU1,04/12/2011 00:00 MDT,32.18,38.0,38.4,31.82,19.94,04/12/2011,00:00 MDT
4580,MLDU1,04/13/2011 00:00 MDT,30.92,38.1,38.3,47.84,24.98,04/13/2011,00:00 MDT
4604,MLDU1,04/14/2011 00:00 MDT,24.26,38.4,38.7,42.98,29.3,04/14/2011,00:00 MDT
4628,MLDU1,04/15/2011 00:00 MDT,22.46,39.1,39.4,45.32,23.36,04/15/2011,00:00 MDT
4652,MLDU1,04/16/2011 00:00 MDT,35.96,39.1,39.3,27.5,20.48,04/16/2011,00:00 MDT
4676,MLDU1,04/17/2011 00:00 MDT,40.82,39.2,39.5,44.24,21.2,04/17/2011,00:00 MDT
4700,MLDU1,04/18/2011 00:00 MDT,41.54,39.3,39.0,44.06,32.9,04/18/2011,00:00 MDT
4724,MLDU1,04/19/2011 00:00 MDT,31.28,40.2,39.7,46.22,35.42,04/19/2011,00:00 MDT
4748,MLDU1,04/20/2011 00:00 MDT,28.76,40.8,39.8,42.44,30.74,04/20/2011,00:00 MDT
4772,MLDU1,04/21/2011 00:00 MDT,35.42,41.0,40.0,34.7,24.44,04/21/2011,00:00 MDT
4796,MLDU1,04/22/2011 00:00 MDT,25.52,41.5,40.4,39.92,26.78,04/22/2011,00:00 MDT
4820,MLDU1,04/23/2011 00:00 MDT,24.44,41.6,40.6,41.18,23.72,04/23/2011,00:00 MDT
4844,MLDU1,04/24/2011 00:00 MDT,26.24,41.7,40.8,33.08,17.96,04/24/2011,00:00 MDT
4868,MLDU1,04/25/2011 00:00 MDT,30.02,41.7,40.7,36.32,24.8,04/25/2011,00:00 MDT
4892,MLDU1,04/26/2011 00:00 MDT,26.78,42.5,41.9,42.44,25.34,04/26/2011,00:00 MDT
4916,MLDU1,04/27/2011 00:00 MDT,19.4,43.6,42.8,34.88,24.44,04/27/2011,00:00 MDT
4940,MLDU1,04/28/2011 00:00 MDT,29.12,43.7,43.0,27.68,19.04,04/28/2011,00:00 MDT
4964,MLDU1,04/29/2011 00:00 MDT,34.7,43.7,43.0,34.52,17.96,04/29/2011,00:00 MDT
4988,MLDU1,04/30/2011 00:00 MDT,17.42,44.7,44.1,46.58,28.4,04/30/2011,00:00 MDT
5012,MLDU1,05/01/2011 00:00 MDT,20.66,44.9,44.3,28.4,17.24,05/01/2011,00:00 MDT
5036,MLDU1,05/02/2011 00:00 MDT,25.52,45.0,44.2,34.16,16.34,05/02/2011,00:00 MDT
5060,MLDU1,05/03/2011 00:00 MDT,36.68,45.0,44.2,40.1,19.22,05/03/2011,00:00 MDT
5084,MLDU1,05/04/2011 00:00 MDT,31.64,45.1,44.2,42.98,23.72,05/04/2011,00:00 MDT
5108,MLDU1,05/05/2011 00:00 MDT,34.16,45.1,44.1,44.96,30.38,05/05/2011,00:00 MDT
5132,MLDU1,05/06/2011 00:00 MDT,46.94,45.1,43.7,38.66,24.98,05/06/2011,00:00 MDT
5156,MLDU1,05/07/2011 00:00 MDT,46.94,45.2,42.9,53.6,34.16,05/07/2011,00:00 MDT
5180,MLDU1,05/08/2011 00:00 MDT,47.66,45.2,41.8,52.16,43.52,05/08/2011,00:00 MDT
5204,MLDU1,05/09/2011 00:00 MDT,31.82,45.5,41.2,56.66,44.24,05/09/2011,00:00 MDT
5228,MLDU1,05/10/2011 00:00 MDT,27.68,45.8,41.2,49.82,30.92,05/10/2011,00:00 MDT
5252,MLDU1,05/11/2011 00:00 MDT,31.28,45.9,41.2,34.52,27.68,05/11/2011,00:00 MDT
5276,MLDU1,05/12/2011 00:00 MDT,33.8,46.0,40.9,41.18,27.5,05/12/2011,00:00 MDT
5300,MLDU1,05/13/2011 00:00 MDT,43.7,46.0,40.6,44.42,30.38,05/13/2011,00:00 MDT
5324,MLDU1,05/14/2011 00:00 MDT,46.76,46.0,39.8,53.06,33.8,05/14/2011,00:00 MDT
5348,MLDU1,05/15/2011 00:00 MDT,43.52,46.1,38.7,62.42,42.8,05/15/2011,00:00 MDT
5372,MLDU1,05/16/2011 00:00 MDT,32.36,46.1,37.5,55.76,39.38,05/16/2011,00:00 MDT
5396,MLDU1,05/17/2011 00:00 MDT,30.38,46.1,36.6,54.14,29.84,05/17/2011,00:00 MDT
5420,MLDU1,05/18/2011 00:00 MDT,31.28,46.7,37.5,42.08,25.88,05/18/2011,00:00 MDT
5444,MLDU1,05/19/2011 00:00 MDT,30.56,47.0,37.6,38.3,27.86,05/19/2011,00:00 MDT
5468,MLDU1,05/20/2011 00:00 MDT,33.26,48.0,38.3,41.54,30.38,05/20/2011,00:00 MDT
5492,MLDU1,05/21/2011 00:00 MDT,35.42,49.3,39.9,42.62,30.38,05/21/2011,00:00 MDT
5516,MLDU1,05/22/2011 00:00 MDT,42.26,49.4,39.8,38.3,31.64,05/22/2011,00:00 MDT
5540,MLDU1,05/23/2011 00:00 MDT,36.86,49.5,39.6,50.0,35.42,05/23/2011,00:00 MDT
5564,MLDU1,05/24/2011 00:00 MDT,34.16,49.6,39.4,50.0,34.88,05/24/2011,00:00 MDT
5588,MLDU1,05/25/2011 00:00 MDT,33.8,50.1,39.6,47.66,33.8,05/25/2011,00:00 MDT
5612,MLDU1,05/26/2011 00:00 MDT,48.56,50.2,39.3,42.98,31.1,05/26/2011,00:00 MDT
5636,MLDU1,05/27/2011 00:00 MDT,34.88,50.2,38.6,54.32,32.0,05/27/2011,00:00 MDT
5660,MLDU1,05/28/2011 00:00 MDT,34.34,50.4,38.4,50.54,30.56,05/28/2011,00:00 MDT
5684,MLDU1,05/29/2011 00:00 MDT,30.38,50.7,38.7,43.52,31.82,05/29/2011,00:00 MDT
5708,MLDU1,05/30/2011 00:00 MDT,28.4,51.2,38.9,48.38,29.48,05/30/2011,00:00 MDT
5732,MLDU1,05/31/2011 00:00 MDT,31.28,51.9,39.2,38.3,27.68,05/31/2011,00:00 MDT
5756,MLDU1,06/01/2011 00:00 MDT,48.38,52.0,39.1,36.32,26.06,06/01/2011,00:00 MDT
0,MLDU1,10/04/2010 00:00 MDT,50.0,0.1,-0.5,73.4,55.58,10/04/2010,00:00 MDT
25,MLDU1,10/05/2010 00:00 MDT,43.34,-0.1,-0.6,67.28,48.92,10/05/2010,00:00 MDT
49,MLDU1,10/06/2010 00:00 MDT,46.04,0.2,-0.4,53.96,40.28,10/06/2010,00:00 MDT
73,MLDU1,10/07/2010 00:00 MDT,42.08,0.4,-0.5,53.42,40.64,10/07/2010,00:00 MDT
97,MLDU1,10/08/2010 00:00 MDT,35.78,0.5,-0.5,52.7,38.84,10/08/2010,00:00 MDT
121,MLDU1,10/09/2010 00:00 MDT,37.4,0.8,-0.5,49.1,34.88,10/09/2010,00:00 MDT
145,MLDU1,10/10/2010 00:00 MDT,38.84,1.0,-0.5,41.9,32.72,10/10/2010,00:00 MDT
169,MLDU1,10/11/2010 00:00 MDT,41.72,1.4,-0.6,45.32,36.14,10/11/2010,00:00 MDT
193,MLDU1,10/12/2010 00:00 MDT,38.48,1.2,-0.6,52.7,37.22,10/12/2010,00:00 MDT
217,MLDU1,10/13/2010 00:00 MDT,41.18,1.3,-0.6,48.2,37.04,10/13/2010,00:00 MDT
241,MLDU1,10/14/2010 00:00 MDT,46.76,1.5,-0.5,52.16,36.68,10/14/2010,00:00 MDT
265,MLDU1,10/15/2010 00:00 MDT,49.28,1.5,-0.6,56.84,38.12,10/15/2010,00:00 MDT
289,MLDU1,10/16/2010 00:00 MDT,46.58,1.5,-0.6,60.08,44.42,10/16/2010,00:00 MDT
313,MLDU1,10/17/2010 00:00 MDT,49.82,1.6,-0.5,57.74,45.68,10/17/2010,00:00 MDT
337,MLDU1,10/18/2010 00:00 MDT,44.42,1.5,-0.4,59.18,45.14,10/18/2010,00:00 MDT
361,MLDU1,10/19/2010 00:00 MDT,39.92,1.4,-0.7,53.78,42.08,10/19/2010,00:00 MDT
385,MLDU1,10/20/2010 00:00 MDT,44.96,1.4,-0.6,55.22,39.56,10/20/2010,00:00 MDT
409,MLDU1,10/21/2010 00:00 MDT,48.56,1.5,-0.6,54.5,38.84,10/21/2010,00:00 MDT
433,MLDU1,10/22/2010 00:00 MDT,42.08,1.5,-0.5,59.0,43.16,10/22/2010,00:00 MDT
457,MLDU1,10/23/2010 00:00 MDT,39.74,1.3,-0.6,55.22,40.46,10/23/2010,00:00 MDT
481,MLDU1,10/24/2010 00:00 MDT,33.62,1.1,-0.4,46.94,39.2,10/24/2010,00:00 MDT
505,MLDU1,10/25/2010 00:00 MDT,43.16,1.8,-0.4,40.28,33.08,10/25/2010,00:00 MDT
529,MLDU1,10/26/2010 00:00 MDT,23.54,3.2,0.6,44.78,33.44,10/26/2010,00:00 MDT
553,MLDU1,10/27/2010 00:00 MDT,19.94,4.0,1.6,33.44,21.74,10/27/2010,00:00 MDT
577,MLDU1,10/28/2010 00:00 MDT,27.68,4.3,1.7,27.86,18.32,10/28/2010,00:00 MDT
601,MLDU1,10/29/2010 00:00 MDT,45.5,4.3,1.6,37.22,18.14,10/29/2010,00:00 MDT
625,MLDU1,10/30/2010 00:00 MDT,44.6,4.4,1.5,53.96,30.02,10/30/2010,00:00 MDT
649,MLDU1,10/31/2010 00:00 MDT,33.26,4.6,1.9,49.46,42.44,10/31/2010,00:00 MDT
673,MLDU1,11/01/2010 00:00 MDT,34.7,4.7,1.8,47.84,32.9,11/01/2010,00:00 MDT
697,MLDU1,11/02/2010 00:00 MDT,39.56,4.8,1.7,41.72,31.46,11/02/2010,00:00 MDT
721,MLDU1,11/03/2010 00:00 MDT,46.22,4.9,1.3,46.58,30.38,11/03/2010,00:00 MDT
745,MLDU1,11/04/2010 00:00 MDT,49.64,5.0,1.0,56.12,40.46,11/04/2010,00:00 MDT
769,MLDU1,11/05/2010 00:00 MDT,46.58,5.1,0.2,60.98,43.16,11/05/2010,00:00 MDT
793,MLDU1,11/06/2010 00:00 MDT,48.74,5.3,-0.3,57.2,45.5,11/06/2010,00:00 MDT
817,MLDU1,11/07/2010 00:00 MDT,41.72,5.3,-0.6,57.74,45.68,11/07/2010,00:00 MDT
3861,MLDU1,03/14/2011 00:00 MDT,37.76,28.8,28.4,40.46,26.78,03/14/2011,00:00 MDT
3885,MLDU1,03/15/2011 00:00 MDT,30.2,28.8,28.6,43.88,23.54,03/15/2011,00:00 MDT
3909,MLDU1,03/16/2011 00:00 MDT,41.18,28.9,28.5,40.46,29.48,03/16/2011,00:00 MDT
3933,MLDU1,03/17/2011 00:00 MDT,19.58,29.9,29.7,44.96,29.84,03/17/2011,00:00 MDT
3957,MLDU1,03/18/2011 00:00 MDT,18.68,30.0,29.7,42.98,18.32,03/18/2011,00:00 MDT
3981,MLDU1,03/19/2011 00:00 MDT,34.7,30.1,29.9,26.96,15.98,03/19/2011,00:00 MDT
4005,MLDU1,03/20/2011 00:00 MDT,24.08,30.2,29.9,37.22,19.94,03/20/2011,00:00 MDT
4029,MLDU1,03/21/2011 00:00 MDT,33.26,30.4,30.4,35.6,23.72,03/21/2011,00:00 MDT
4053,MLDU1,03/22/2011 00:00 MDT,22.28,30.6,30.6,34.7,21.74,03/22/2011,00:00 MDT
4077,MLDU1,03/23/2011 00:00 MDT,19.22,31.0,31.2,34.34,20.48,03/23/2011,00:00 MDT
4101,MLDU1,03/24/2011 00:00 MDT,29.12,31.2,31.3,27.32,18.5,03/24/2011,00:00 MDT
4125,MLDU1,03/25/2011 00:00 MDT,26.42,31.3,31.4,37.76,18.14,03/25/2011,00:00 MDT
4149,MLDU1,03/26/2011 00:00 MDT,20.3,31.7,31.7,35.42,24.98,03/26/2011,00:00 MDT
4173,MLDU1,03/27/2011 00:00 MDT,26.06,31.8,31.7,27.14,17.42,03/27/2011,00:00 MDT
4197,MLDU1,03/28/2011 00:00 MDT,25.52,32.5,32.9,35.06,18.14,03/28/2011,00:00 MDT
4221,MLDU1,03/29/2011 00:00 MDT,15.26,33.1,33.3,31.1,19.22,03/29/2011,00:00 MDT
4245,MLDU1,03/30/2011 00:00 MDT,23.36,33.1,33.4,25.34,14.36,03/30/2011,00:00 MDT
4269,MLDU1,03/31/2011 00:00 MDT,33.98,33.2,33.8,37.58,14.36,03/31/2011,00:00 MDT
4293,MLDU1,04/01/2011 00:00 MDT,40.82,33.3,33.7,34.34,24.44,04/01/2011,00:00 MDT
4316,MLDU1,04/02/2011 00:00 MDT,46.22,33.4,33.7,44.96,32.54,04/02/2011,00:00 MDT
4340,MLDU1,04/03/2011 00:00 MDT,30.74,33.8,34.1,51.08,37.04,04/03/2011,00:00 MDT
4364,MLDU1,04/04/2011 00:00 MDT,13.28,35.2,35.4,50.72,26.78,04/04/2011,00:00 MDT
4388,MLDU1,04/05/2011 00:00 MDT,32.54,35.3,35.5,29.3,12.74,04/05/2011,00:00 MDT
4412,MLDU1,04/06/2011 00:00 MDT,24.8,35.6,35.9,34.7,12.38,04/06/2011,00:00 MDT
4436,MLDU1,04/07/2011 00:00 MDT,34.16,35.9,36.1,47.12,24.44,04/07/2011,00:00 MDT
4460,MLDU1,04/08/2011 00:00 MDT,26.42,36.3,36.6,39.56,20.66,04/08/2011,00:00 MDT
4484,MLDU1,04/09/2011 00:00 MDT,20.12,37.0,37.6,36.68,25.7,04/09/2011,00:00 MDT
4508,MLDU1,04/10/2011 00:00 MDT,21.02,37.2,38.0,34.34,19.22,04/10/2011,00:00 MDT
4532,MLDU1,04/11/2011 00:00 MDT,23.0,37.2,38.5,36.68,20.12,04/11/2011,00:00 MDT
4556,MLDU1,04/12/2011 00:00 MDT,32.18,38.0,38.4,31.82,19.94,04/12/2011,00:00 MDT
4580,MLDU1,04/13/2011 00:00 MDT,30.92,38.1,38.3,47.84,24.98,04/13/2011,00:00 MDT
4604,MLDU1,04/14/2011 00:00 MDT,24.26,38.4,38.7,42.98,29.3,04/14/2011,00:00 MDT
4628,MLDU1,04/15/2011 00:00 MDT,22.46,39.1,39.4,45.32,23.36,04/15/2011,00:00 MDT
4652,MLDU1,04/16/2011 00:00 MDT,35.96,39.1,39.3,27.5,20.48,04/16/2011,00:00 MDT
4676,MLDU1,04/17/2011 00:00 MDT,40.82,39.2,39.5,44.24,21.2,04/17/2011,00:00 MDT
4700,MLDU1,04/18/2011 00:00 MDT,41.54,39.3,39.0,44.06,32.9,04/18/2011,00:00 MDT
4724,MLDU1,04/19/2011 00:00 MDT,31.28,40.2,39.7,46.22,35.42,04/19/2011,00:00 MDT
4748,MLDU1,04/20/2011 00:00 MDT,28.76,40.8,39.8,42.44,30.74,04/20/2011,00:00 MDT
4772,MLDU1,04/21/2011 00:00 MDT,35.42,41.0,40.0,34.7,24.44,04/21/2011,00:00 MDT
4796,MLDU1,04/22/2011 00:00 MDT,25.52,41.5,40.4,39.92,26.78,04/22/2011,00:00 MDT
4820,MLDU1,04/23/2011 00:00 MDT,24.44,41.6,40.6,41.18,23.72,04/23/2011,00:00 MDT
4844,MLDU1,04/24/2011 00:00 MDT,26.24,41.7,40.8,33.08,17.96,04/24/2011,00:00 MDT
4868,MLDU1,04/25/2011 00:00 MDT,30.02,41.7,40.7,36.32,24.8,04/25/2011,00:00 MDT
4892,MLDU1,04/26/2011 00:00 MDT,26.78,42.5,41.9,42.44,25.34,04/26/2011,00:00 MDT
4916,MLDU1,04/27/2011 00:00 MDT,19.4,43.6,42.8,34.88,24.44,04/27/2011,00:00 MDT
4940,MLDU1,04/28/2011 00:00 MDT,29.12,43.7,43.0,27.68,19.04,04/28/2011,00:00 MDT
4964,MLDU1,04/29/2011 00:00 MDT,34.7,43.7,43.0,34.52,17.96,04/29/2011,00:00 MDT
4988,MLDU1,04/30/2011 00:00 MDT,17.42,44.7,44.1,46.58,28.4,04/30/2011,00:00 MDT
5012,MLDU1,05/01/2011 00:00 MDT,20.66,44.9,44.3,28.4,17.24,05/01/2011,00:00 MDT
5036,MLDU1,05/02/2011 00:00 MDT,25.52,45.0,44.2,34.16,16.34,05/02/2011,00:00 MDT
5060,MLDU1,05/03/2011 00:00 MDT,36.68,45.0,44.2,40.1,19.22,05/03/2011,00:00 MDT
5084,MLDU1,05/04/2011 00:00 MDT,31.64,45.1,44.2,42.98,23.72,05/04/2011,00:00 MDT
5108,MLDU1,05/05/2011 00:00 MDT,34.16,45.1,44.1,44.96,30.38,05/05/2011,00:00 MDT
5132,MLDU1,05/06/2011 00:00 MDT,46.94,45.1,43.7,38.66,24.98,05/06/2011,00:00 MDT
5156,MLDU1,05/07/2011 00:00 MDT,46.94,45.2,42.9,53.6,34.16,05/07/2011,00:00 MDT
5180,MLDU1,05/08/2011 00:00 MDT,47.66,45.2,41.8,52.16,43.52,05/08/2011,00:00 MDT
5204,MLDU1,05/09/2011 00:00 MDT,31.82,45.5,41.2,56.66,44.24,05/09/2011,00:00 MDT
5228,MLDU1,05/10/2011 00:00 MDT,27.68,45.8,41.2,49.82,30.92,05/10/2011,00:00 MDT
5252,MLDU1,05/11/2011 00:00 MDT,31.28,45.9,41.2,34.52,27.68,05/11/2011,00:00 MDT
5276,MLDU1,05/12/2011 00:00 MDT,33.8,46.0,40.9,41.18,27.5,05/12/2011,00:00 MDT
5300,MLDU1,05/13/2011 00:00 MDT,43.7,46.0,40.6,44.42,30.38,05/13/2011,00:00 MDT
5324,MLDU1,05/14/2011 00:00 MDT,46.76,46.0,39.8,53.06,33.8,05/14/2011,00:00 MDT
5348,MLDU1,05/15/2011 00:00 MDT,43.52,46.1,38.7,62.42,42.8,05/15/2011,00:00 MDT
5372,MLDU1,05/16/2011 00:00 MDT,32.36,46.1,37.5,55.76,39.38,05/16/2011,00:00 MDT
5396,MLDU1,05/17/2011 00:00 MDT,30.38,46.1,36.6,54.14,29.84,05/17/2011,00:00 MDT
5420,MLDU1,05/18/2011 00:00 MDT,31.28,46.7,37.5,42.08,25.88,05/18/2011,00:00 MDT
5444,MLDU1,05/19/2011 00:00 MDT,30.56,47.0,37.6,38.3,27.86,05/19/2011,00:00 MDT
5468,MLDU1,05/20/2011 00:00 MDT,33.26,48.0,38.3,41.54,30.38,05/20/2011,00:00 MDT
5492,MLDU1,05/21/2011 00:00 MDT,35.42,49.3,39.9,42.62,30.38,05/21/2011,00:00 MDT
5516,MLDU1,05/22/2011 00:00 MDT,42.26,49.4,39.8,38.3,31.64,05/22/2011,00:00 MDT
5540,MLDU1,05/23/2011 00:00 MDT,36.86,49.5,39.6,50.0,35.42,05/23/2011,00:00 MDT
5564,MLDU1,05/24/2011 00:00 MDT,34.16,49.6,39.4,50.0,34.88,05/24/2011,00:00 MDT
5588,MLDU1,05/25/2011 00:00 MDT,33.8,50.1,39.6,47.66,33.8,05/25/2011,00:00 MDT
5612,MLDU1,05/26/2011 00:00 MDT,48.56,50.2,39.3,42.98,31.1,05/26/2011,00:00 MDT
5636,MLDU1,05/27/2011 00:00 MDT,34.88,50.2,38.6,54.32,32.0,05/27/2011,00:00 MDT
5660,MLDU1,05/28/2011 00:00 MDT,34.34,50.4,38.4,50.54,30.56,05/28/2011,00:00 MDT
5684,MLDU1,05/29/2011 00:00 MDT,30.38,50.7,38.7,43.52,31.82,05/29/2011,00:00 MDT
5708,MLDU1,05/30/2011 00:00 MDT,28.4,51.2,38.9,48.38,29.48,05/30/2011,00:00 MDT
5732,MLDU1,05/31/2011 00:00 MDT,31.28,51.9,39.2,38.3,27.68,05/31/2011,00:00 MDT
5756,MLDU1,06/01/2011 00:00 MDT,48.38,52.0,39.1,36.32,26.06,06/01/2011,00:00 MDT
0,MLDU1,10/05/2011 00:00 MDT,43.9,0.1,,,,10/05/2011,00:00 MDT
25,MLDU1,10/06/2011 00:00 MDT,30.7,0.6,-0.3,,,10/06/2011,00:00 MDT
50,MLDU1,10/07/2011 00:00 MDT,25.3,1.4,0.2,,,10/07/2011,00:00 MDT
75,MLDU1,10/08/2011 00:00 MDT,29.3,1.7,0.1,,,10/08/2011,00:00 MDT
100,MLDU1,10/09/2011 00:00 MDT,31.1,1.8,0.2,,,10/09/2011,00:00 MDT
125,MLDU1,10/10/2011 00:00 MDT,34.9,1.9,0.0,,,10/10/2011,00:00 MDT
150,MLDU1,10/11/2011 00:00 MDT,35.6,2.0,-0.3,,,10/11/2011,00:00 MDT
175,MLDU1,10/12/2011 00:00 MDT,38.5,2.1,-0.5,,,10/12/2011,00:00 MDT
199,MLDU1,10/13/2011 00:00 MDT,43.0,2.3,-0.6,,,10/13/2011,00:00 MDT
223,MLDU1,10/14/2011 00:00 MDT,47.3,2.3,-0.5,,,10/14/2011,00:00 MDT
247,MLDU1,10/15/2011 00:00 MDT,50.5,2.2,,,,10/15/2011,00:00 MDT
271,MLDU1,10/16/2011 00:00 MDT,54.9,2.3,-0.5,,,10/16/2011,00:00 MDT
295,MLDU1,10/17/2011 00:00 MDT,37.8,2.1,-0.5,,,10/17/2011,00:00 MDT
319,MLDU1,10/18/2011 00:00 MDT,36.14,2.6,-0.7,58.46,34.16,10/18/2011,00:00 MDT
343,MLDU1,10/19/2011 00:00 MDT,43.7,2.9,-0.7,45.5,32.18,10/19/2011,00:00 MDT
367,MLDU1,10/20/2011 00:00 MDT,42.44,2.8,-0.7,53.42,34.16,10/20/2011,00:00 MDT
391,MLDU1,10/21/2011 00:00 MDT,43.52,2.8,-0.7,56.48,40.82,10/21/2011,00:00 MDT
415,MLDU1,10/22/2011 00:00 MDT,43.88,2.8,-0.7,50.9,39.38,10/22/2011,00:00 MDT
439,MLDU1,10/23/2011 00:00 MDT,41.0,2.8,-0.7,52.16,41.0,10/23/2011,00:00 MDT
463,MLDU1,10/24/2011 00:00 MDT,49.1,2.8,-0.7,50.36,38.84,10/24/2011,00:00 MDT
487,MLDU1,10/25/2011 00:00 MDT,41.54,2.8,-0.6,55.04,39.92,10/25/2011,00:00 MDT
511,MLDU1,10/26/2011 00:00 MDT,27.14,2.5,-0.8,54.86,40.1,10/26/2011,00:00 MDT
535,MLDU1,10/27/2011 00:00 MDT,22.46,2.5,-0.7,40.64,24.98,10/27/2011,00:00 MDT
559,MLDU1,10/28/2011 00:00 MDT,30.74,2.8,-0.6,32.36,21.74,10/28/2011,00:00 MDT
583,MLDU1,10/29/2011 00:00 MDT,37.4,2.8,-0.6,40.46,21.56,10/29/2011,00:00 MDT
607,MLDU1,10/30/2011 00:00 MDT,36.14,2.9,-0.6,45.86,26.96,10/30/2011,00:00 MDT
631,MLDU1,10/31/2011 00:00 MDT,39.74,3.0,-0.8,44.78,33.08,10/31/2011,00:00 MDT
655,MLDU1,11/01/2011 00:00 MDT,39.38,3.1,-0.6,49.28,33.8,11/01/2011,00:00 MDT
679,MLDU1,11/02/2011 00:00 MDT,17.24,3.0,-0.1,48.74,37.04,11/02/2011,00:00 MDT
703,MLDU1,11/03/2011 00:00 MDT,33.98,3.2,-0.3,37.04,15.98,11/03/2011,00:00 MDT
727,MLDU1,11/04/2011 00:00 MDT,40.82,3.7,-0.1,40.82,14.0,11/04/2011,00:00 MDT
751,MLDU1,11/05/2011 00:00 MDT,23.18,3.4,0.0,44.96,31.64,11/05/2011,00:00 MDT
775,MLDU1,11/06/2011 00:00 MDT,14.54,3.7,0.5,44.78,22.64,11/06/2011,00:00 MDT
3793,MLDU1,03/12/2012 00:00 MDT,36.5,17.0,15.3,48.92,33.98,03/12/2012,00:00 MDT
3817,MLDU1,03/13/2012 00:00 MDT,37.58,17.1,15.2,44.6,35.24,03/13/2012,00:00 MDT
3841,MLDU1,03/14/2012 00:00 MDT,35.24,17.0,14.9,45.32,32.54,03/14/2012,00:00 MDT
3865,MLDU1,03/15/2012 00:00 MDT,38.12,17.0,14.8,43.52,34.52,03/15/2012,00:00 MDT
3889,MLDU1,03/16/2012 00:00 MDT,41.54,17.0,14.5,43.16,33.62,03/16/2012,00:00 MDT
3913,MLDU1,03/17/2012 00:00 MDT,41.18,17.1,14.1,49.82,34.7,03/17/2012,00:00 MDT
3937,MLDU1,03/18/2012 00:00 MDT,31.82,17.4,14.7,49.28,36.32,03/18/2012,00:00 MDT
3961,MLDU1,03/19/2012 00:00 MDT,19.22,18.0,15.9,39.92,30.02,03/19/2012,00:00 MDT
3985,MLDU1,03/20/2012 00:00 MDT,15.62,18.8,16.6,30.56,17.42,03/20/2012,00:00 MDT
4009,MLDU1,03/21/2012 00:00 MDT,27.68,19.0,16.6,26.42,14.72,03/21/2012,00:00 MDT
4033,MLDU1,03/22/2012 00:00 MDT,36.86,19.1,16.8,33.8,12.56,03/22/2012,00:00 MDT
4057,MLDU1,03/23/2012 00:00 MDT,45.5,19.1,16.5,43.7,27.86,03/23/2012,00:00 MDT
4081,MLDU1,03/24/2012 00:00 MDT,41.0,19.1,16.0,59.18,35.96,03/24/2012,00:00 MDT
4105,MLDU1,03/25/2012 00:00 MDT,42.98,19.1,15.7,49.64,39.2,03/25/2012,00:00 MDT
4129,MLDU1,03/26/2012 00:00 MDT,43.52,19.1,15.6,51.62,39.38,03/26/2012,00:00 MDT
4153,MLDU1,03/27/2012 00:00 MDT,29.12,19.2,15.8,52.16,41.18,03/27/2012,00:00 MDT
4177,MLDU1,03/28/2012 00:00 MDT,38.12,19.2,16.3,42.44,21.38,03/28/2012,00:00 MDT
4201,MLDU1,03/29/2012 00:00 MDT,34.7,19.3,15.6,43.16,27.32,03/29/2012,00:00 MDT
4225,MLDU1,03/30/2012 00:00 MDT,40.64,19.3,15.5,47.48,31.46,03/30/2012,00:00 MDT
4249,MLDU1,03/31/2012 00:00 MDT,46.04,19.4,15.0,44.96,27.86,03/31/2012,00:00 MDT
4273,MLDU1,04/01/2012 00:00 MDT,44.78,19.4,13.9,49.82,38.66,04/01/2012,00:00 MDT
4297,MLDU1,04/02/2012 00:00 MDT,18.86,19.6,14.1,55.04,41.54,04/02/2012,00:00 MDT
4321,MLDU1,04/03/2012 00:00 MDT,29.66,19.7,14.6,44.78,16.16,04/03/2012,00:00 MDT
4345,MLDU1,04/04/2012 00:00 MDT,38.84,19.8,13.9,36.14,13.28,04/04/2012,00:00 MDT
4369,MLDU1,04/05/2012 00:00 MDT,40.82,19.8,12.9,48.56,24.8,04/05/2012,00:00 MDT
4393,MLDU1,04/06/2012 00:00 MDT,26.78,19.8,12.7,52.34,37.76,04/06/2012,00:00 MDT
4417,MLDU1,04/07/2012 00:00 MDT,18.5,20.3,13.5,42.08,23.72,04/07/2012,00:00 MDT
4441,MLDU1,04/08/2012 00:00 MDT,39.2,20.5,13.6,24.26,15.98,04/08/2012,00:00 MDT
4465,MLDU1,04/09/2012 00:00 MDT,45.32,20.5,13.3,44.06,17.24,04/09/2012,00:00 MDT
4489,MLDU1,04/10/2012 00:00 MDT,49.1,20.6,12.1,53.24,37.4,04/10/2012,00:00 MDT
4513,MLDU1,04/11/2012 00:00 MDT,46.94,20.6,11.1,54.86,42.44,04/11/2012,00:00 MDT
4537,MLDU1,04/12/2012 00:00 MDT,29.66,20.7,10.3,57.38,45.68,04/12/2012,00:00 MDT
4561,MLDU1,04/13/2012 00:00 MDT,22.1,20.9,10.9,53.24,29.12,04/13/2012,00:00 MDT
4585,MLDU1,04/14/2012 00:00 MDT,27.86,21.1,11.0,32.36,21.38,04/14/2012,00:00 MDT
4609,MLDU1,04/15/2012 00:00 MDT,28.76,21.4,11.5,34.88,22.82,04/15/2012,00:00 MDT
4633,MLDU1,04/16/2012 00:00 MDT,28.4,21.5,11.7,41.9,26.06,04/16/2012,00:00 MDT
4657,MLDU1,04/17/2012 00:00 MDT,37.58,21.6,11.4,37.58,26.24,04/17/2012,00:00 MDT
4680,MLDU1,04/18/2012 00:00 MDT,39.2,21.9,11.8,42.62,26.24,04/18/2012,00:00 MDT
4704,MLDU1,04/19/2012 00:00 MDT,34.16,22.0,12.0,45.14,31.28,04/19/2012,00:00 MDT
4728,MLDU1,04/20/2012 00:00 MDT,36.68,22.2,11.8,42.62,32.9,04/20/2012,00:00 MDT
4752,MLDU1,04/21/2012 00:00 MDT,44.6,22.3,11.3,42.62,33.08,04/21/2012,00:00 MDT
4776,MLDU1,04/22/2012 00:00 MDT,50.9,22.3,10.3,50.72,37.4,04/22/2012,00:00 MDT
4800,MLDU1,04/23/2012 00:00 MDT,53.42,22.4,8.8,59.0,43.88,04/23/2012,00:00 MDT
4824,MLDU1,04/24/2012 00:00 MDT,53.96,22.5,7.2,63.86,49.1,04/24/2012,00:00 MDT
4848,MLDU1,04/25/2012 00:00 MDT,53.06,22.5,5.3,66.2,52.34,04/25/2012,00:00 MDT
4872,MLDU1,04/26/2012 00:00 MDT,44.96,22.5,4.2,62.42,47.12,04/26/2012,00:00 MDT
4896,MLDU1,04/27/2012 00:00 MDT,29.66,22.7,3.3,53.78,44.42,04/27/2012,00:00 MDT
4920,MLDU1,04/28/2012 00:00 MDT,22.1,23.1,3.9,57.38,28.4,04/28/2012,00:00 MDT
4944,MLDU1,04/29/2012 00:00 MDT,28.76,23.3,3.6,29.3,20.66,04/29/2012,00:00 MDT
4968,MLDU1,04/30/2012 00:00 MDT,38.48,23.3,2.5,34.88,18.14,04/30/2012,00:00 MDT
4992,MLDU1,05/01/2012 00:00 MDT,40.64,23.5,1.4,44.6,28.22,05/01/2012,00:00 MDT
5016,MLDU1,05/02/2012 00:00 MDT,39.74,24.0,1.1,53.24,36.32,05/02/2012,00:00 MDT
5040,MLDU1,05/03/2012 00:00 MDT,47.12,24.3,-0.1,51.08,33.08,05/03/2012,00:00 MDT
5064,MLDU1,05/04/2012 00:00 MDT,46.04,24.3,-0.5,52.16,38.3,05/04/2012,00:00 MDT
5088,MLDU1,05/05/2012 00:00 MDT,45.5,24.4,-0.7,55.04,41.36,05/05/2012,00:00 MDT
5112,MLDU1,05/06/2012 00:00 MDT,30.56,24.3,-0.8,55.4,35.78,05/06/2012,00:00 MDT
5136,MLDU1,05/07/2012 00:00 MDT,33.62,24.5,-0.8,40.64,28.76,05/07/2012,00:00 MDT
5160,MLDU1,05/08/2012 00:00 MDT,41.18,24.6,-0.7,45.32,28.4,05/08/2012,00:00 MDT
5184,MLDU1,05/09/2012 00:00 MDT,47.48,24.8,-0.5,50.0,28.04,05/09/2012,00:00 MDT
5208,MLDU1,05/10/2012 00:00 MDT,52.16,25.0,-0.7,55.58,37.76,05/10/2012,00:00 MDT
5232,MLDU1,05/11/2012 00:00 MDT,42.26,24.9,-0.8,60.44,44.96,05/11/2012,00:00 MDT
5256,MLDU1,05/12/2012 00:00 MDT,40.82,24.9,-0.8,53.42,39.92,05/12/2012,00:00 MDT
5280,MLDU1,05/13/2012 00:00 MDT,42.26,24.8,-0.8,51.98,36.5,05/13/2012,00:00 MDT
5304,MLDU1,05/14/2012 00:00 MDT,47.3,25.0,-0.9,53.42,37.94,05/14/2012,00:00 MDT
5328,MLDU1,05/15/2012 00:00 MDT,54.3,25.1,,,,05/15/2012,00:00 MDT
5352,MLDU1,05/16/2012 00:00 MDT,55.4,24.9,,,,05/16/2012,00:00 MDT
5376,MLDU1,05/17/2012 00:00 MDT,50.72,24.6,-0.7,69.44,51.26,05/17/2012,00:00 MDT
5400,MLDU1,05/18/2012 00:00 MDT,45.14,24.5,-0.6,63.5,45.5,05/18/2012,00:00 MDT
5424,MLDU1,05/19/2012 00:00 MDT,36.5,24.4,-0.7,65.3,43.16,05/19/2012,00:00 MDT
5448,MLDU1,05/20/2012 00:00 MDT,44.6,25.1,-0.7,49.28,33.26,05/20/2012,00:00 MDT
5472,MLDU1,05/21/2012 00:00 MDT,52.7,25.3,-0.6,51.62,34.52,05/21/2012,00:00 MDT
5496,MLDU1,05/22/2012 00:00 MDT,60.98,25.5,-0.5,61.7,42.98,05/22/2012,00:00 MDT
5520,MLDU1,05/23/2012 00:00 MDT,,25.4,-0.7,70.34,51.8,05/23/2012,00:00 MDT
5544,MLDU1,05/24/2012 00:00 MDT,,25.0,-0.7,59.36,,05/24/2012,00:00 MDT
5568,MLDU1,05/25/2012 00:00 MDT,,25.2,-0.7,,,05/25/2012,00:00 MDT
5592,MLDU1,05/26/2012 00:00 MDT,,25.1,-0.8,,,05/26/2012,00:00 MDT
5616,MLDU1,05/27/2012 00:00 MDT,,25.2,-0.7,,,05/27/2012,00:00 MDT
5640,MLDU1,05/28/2012 00:00 MDT,,25.6,-0.1,,,05/28/2012,00:00 MDT
5664,MLDU1,05/29/2012 00:00 MDT,,26.1,-0.8,,,05/29/2012,00:00 MDT
5688,MLDU1,05/30/2012 00:00 MDT,,26.5,-0.8,,,05/30/2012,00:00 MDT
5712,MLDU1,05/31/2012 00:00 MDT,,26.6,-0.7,,,05/31/2012,00:00 MDT
5736,MLDU1,06/01/2012 00:00 MDT,,26.6,-0.7,,,06/01/2012,00:00 MDT
0,MLDU1,10/04/2012 00:00 MDT,46.22,-0.2,0.0,62.06,50.18,10/04/2012,00:00 MDT
24,MLDU1,10/05/2012 00:00 MDT,41.54,-0.2,0.0,55.04,42.62,10/05/2012,00:00 MDT
48,MLDU1,10/06/2012 00:00 MDT,35.96,-0.5,0.0,53.42,40.28,10/06/2012,00:00 MDT
72,MLDU1,10/07/2012 00:00 MDT,32.72,-0.4,0.0,45.14,32.9,10/07/2012,00:00 MDT
96,MLDU1,10/08/2012 00:00 MDT,37.76,-0.2,0.1,44.06,31.28,10/08/2012,00:00 MDT
120,MLDU1,10/09/2012 00:00 MDT,47.3,0.1,0.0,47.66,30.02,10/09/2012,00:00 MDT
144,MLDU1,10/10/2012 00:00 MDT,46.58,0.2,0.2,53.6,36.5,10/10/2012,00:00 MDT
168,MLDU1,10/11/2012 00:00 MDT,47.66,0.2,0.2,56.3,43.88,10/11/2012,00:00 MDT
192,MLDU1,10/12/2012 00:00 MDT,47.48,0.2,0.2,59.36,46.58,10/12/2012,00:00 MDT
216,MLDU1,10/13/2012 00:00 MDT,33.8,0.5,0.5,63.86,46.22,10/13/2012,00:00 MDT
240,MLDU1,10/14/2012 00:00 MDT,37.4,0.7,0.3,48.2,33.44,10/14/2012,00:00 MDT
264,MLDU1,10/15/2012 00:00 MDT,41.9,0.6,0.2,39.38,33.98,10/15/2012,00:00 MDT
288,MLDU1,10/16/2012 00:00 MDT,45.68,0.6,0.2,49.46,35.78,10/16/2012,00:00 MDT
312,MLDU1,10/17/2012 00:00 MDT,32.72,0.7,0.2,54.86,42.26,10/17/2012,00:00 MDT
336,MLDU1,10/18/2012 00:00 MDT,35.06,0.7,0.2,51.62,30.92,10/18/2012,00:00 MDT
360,MLDU1,10/19/2012 00:00 MDT,41.9,0.7,0.2,39.56,26.42,10/19/2012,00:00 MDT
384,MLDU1,10/20/2012 00:00 MDT,49.46,0.8,0.3,51.8,32.72,10/20/2012,00:00 MDT
408,MLDU1,10/21/2012 00:00 MDT,45.68,0.6,0.2,54.5,40.28,10/21/2012,00:00 MDT
432,MLDU1,10/22/2012 00:00 MDT,42.26,0.9,0.2,57.38,42.44,10/22/2012,00:00 MDT
456,MLDU1,10/23/2012 00:00 MDT,40.1,0.6,0.3,52.16,40.82,10/23/2012,00:00 MDT
480,MLDU1,10/24/2012 00:00 MDT,25.88,0.9,0.3,45.86,38.48,10/24/2012,00:00 MDT
504,MLDU1,10/25/2012 00:00 MDT,22.1,1.0,0.4,40.46,23.72,10/25/2012,00:00 MDT
528,MLDU1,10/26/2012 00:00 MDT,19.22,2.2,1.6,31.64,21.38,10/26/2012,00:00 MDT
552,MLDU1,10/27/2012 00:00 MDT,29.66,2.4,1.6,24.98,18.32,10/27/2012,00:00 MDT
576,MLDU1,10/28/2012 00:00 MDT,36.68,2.4,1.6,32.9,14.0,10/28/2012,00:00 MDT
600,MLDU1,10/29/2012 00:00 MDT,41.0,2.4,1.5,39.02,26.42,10/29/2012,00:00 MDT
624,MLDU1,10/30/2012 00:00 MDT,44.96,2.3,1.2,48.2,35.78,10/30/2012,00:00 MDT
648,MLDU1,10/31/2012 00:00 MDT,45.5,2.3,0.7,52.34,40.46,10/31/2012,00:00 MDT
672,MLDU1,11/01/2012 00:00 MDT,48.02,2.3,0.4,53.78,41.9,11/01/2012,00:00 MDT
696,MLDU1,11/02/2012 00:00 MDT,38.48,2.1,0.3,58.46,44.6,11/02/2012,00:00 MDT
720,MLDU1,11/03/2012 00:00 MDT,38.12,2.1,0.2,50.18,38.12,11/03/2012,00:00 MDT
744,MLDU1,11/04/2012 00:00 MDT,38.3,2.2,0.2,46.4,34.88,11/04/2012,00:00 MDT
3790,MLDU1,03/11/2013 00:00 MDT,26.06,17.6,17.4,32.18,17.6,03/11/2013,00:00 MDT
3814,MLDU1,03/12/2013 00:00 MDT,29.12,17.7,17.3,40.1,19.22,03/12/2013,00:00 MDT
3838,MLDU1,03/13/2013 00:00 MDT,34.7,17.7,17.4,36.32,25.34,03/13/2013,00:00 MDT
3862,MLDU1,03/14/2013 00:00 MDT,41.72,17.8,17.2,41.36,28.04,03/14/2013,00:00 MDT
3886,MLDU1,03/15/2013 00:00 MDT,48.2,17.8,16.6,48.74,33.8,03/15/2013,00:00 MDT
3910,MLDU1,03/16/2013 00:00 MDT,40.82,17.8,16.3,54.5,42.08,03/16/2013,00:00 MDT
3934,MLDU1,03/17/2013 00:00 MDT,35.78,17.8,16.1,50.54,39.02,03/17/2013,00:00 MDT
3958,MLDU1,03/18/2013 00:00 MDT,24.08,17.8,16.6,41.18,32.72,03/18/2013,00:00 MDT
3982,MLDU1,03/19/2013 00:00 MDT,25.7,17.9,17.3,32.72,19.94,03/19/2013,00:00 MDT
4006,MLDU1,03/20/2013 00:00 MDT,33.26,18.0,17.5,32.18,19.04,03/20/2013,00:00 MDT
4030,MLDU1,03/21/2013 00:00 MDT,33.8,18.2,17.7,39.74,21.2,03/21/2013,00:00 MDT
4054,MLDU1,03/22/2013 00:00 MDT,15.98,18.5,18.3,37.22,30.02,03/22/2013,00:00 MDT
4078,MLDU1,03/23/2013 00:00 MDT,9.86,19.0,19.0,35.42,15.44,03/23/2013,00:00 MDT
4102,MLDU1,03/24/2013 00:00 MDT,6.08,19.3,19.3,17.42,9.14,03/24/2013,00:00 MDT
4126,MLDU1,03/25/2013 00:00 MDT,13.82,19.3,19.3,23.18,5.72,03/25/2013,00:00 MDT
4150,MLDU1,03/26/2013 00:00 MDT,30.02,19.5,19.4,25.7,6.62,03/26/2013,00:00 MDT
4174,MLDU1,03/27/2013 00:00 MDT,30.74,19.5,19.2,34.52,13.28,03/27/2013,00:00 MDT
4198,MLDU1,03/28/2013 00:00 MDT,39.2,19.6,19.1,43.7,29.12,03/28/2013,00:00 MDT
4222,MLDU1,03/29/2013 00:00 MDT,38.66,19.6,18.8,47.84,29.84,03/29/2013,00:00 MDT
4246,MLDU1,03/30/2013 00:00 MDT,35.6,19.6,18.5,50.9,35.96,03/30/2013,00:00 MDT
4270,MLDU1,03/31/2013 00:00 MDT,36.32,19.6,18.3,46.4,32.9,03/31/2013,00:00 MDT
4294,MLDU1,04/01/2013 00:00 MDT,38.12,19.6,17.1,47.84,34.7,04/01/2013,00:00 MDT
4318,MLDU1,04/02/2013 00:00 MDT,30.92,20.1,17.7,50.54,34.34,04/02/2013,00:00 MDT
4342,MLDU1,04/03/2013 00:00 MDT,35.96,20.7,18.1,43.16,30.38,04/03/2013,00:00 MDT
4366,MLDU1,04/04/2013 00:00 MDT,38.66,20.7,17.8,46.4,29.66,04/04/2013,00:00 MDT
4390,MLDU1,04/05/2013 00:00 MDT,43.7,20.8,17.4,50.72,31.64,04/05/2013,00:00 MDT
4414,MLDU1,04/06/2013 00:00 MDT,32.72,20.9,17.7,51.8,37.76,04/06/2013,00:00 MDT
4438,MLDU1,04/07/2013 00:00 MDT,33.62,21.0,17.8,43.16,31.28,04/07/2013,00:00 MDT
4462,MLDU1,04/08/2013 00:00 MDT,38.48,21.1,17.8,41.36,31.46,04/08/2013,00:00 MDT
4486,MLDU1,04/09/2013 00:00 MDT,16.16,22.0,19.1,41.36,32.72,04/09/2013,00:00 MDT
4510,MLDU1,04/10/2013 00:00 MDT,17.24,22.2,19.3,38.84,13.46,04/10/2013,00:00 MDT
4534,MLDU1,04/11/2013 00:00 MDT,34.52,22.4,19.4,22.82,10.22,04/11/2013,00:00 MDT
4558,MLDU1,04/12/2013 00:00 MDT,29.66,22.7,20.0,40.28,16.16,04/12/2013,00:00 MDT
4582,MLDU1,04/13/2013 00:00 MDT,35.6,22.8,19.8,36.86,28.58,04/13/2013,00:00 MDT
4606,MLDU1,04/14/2013 00:00 MDT,20.66,23.0,20.3,41.9,25.52,04/14/2013,00:00 MDT
4630,MLDU1,04/15/2013 00:00 MDT,26.6,23.1,20.4,40.1,18.14,04/15/2013,00:00 MDT
4654,MLDU1,04/16/2013 00:00 MDT,22.46,23.4,20.7,32.9,15.26,04/16/2013,00:00 MDT
4678,MLDU1,04/17/2013 00:00 MDT,16.34,23.5,20.9,32.18,21.02,04/17/2013,00:00 MDT
4702,MLDU1,04/18/2013 00:00 MDT,14.9,23.5,21.1,28.4,12.74,04/18/2013,00:00 MDT
4725,MLDU1,04/19/2013 00:00 MDT,25.52,23.6,21.2,30.56,10.76,04/19/2013,00:00 MDT
4749,MLDU1,04/20/2013 00:00 MDT,29.84,23.8,21.7,32.36,12.38,04/20/2013,00:00 MDT
4773,MLDU1,04/21/2013 00:00 MDT,29.3,24.7,22.9,36.5,25.16,04/21/2013,00:00 MDT
4797,MLDU1,04/22/2013 00:00 MDT,35.78,24.7,22.7,34.34,28.4,04/22/2013,00:00 MDT
4821,MLDU1,04/23/2013 00:00 MDT,21.56,24.8,22.8,43.88,26.24,04/23/2013,00:00 MDT
4845,MLDU1,04/24/2013 00:00 MDT,27.32,24.9,22.7,36.14,20.3,04/24/2013,00:00 MDT
4869,MLDU1,04/25/2013 00:00 MDT,33.8,24.9,22.8,35.06,15.98,04/25/2013,00:00 MDT
4893,MLDU1,04/26/2013 00:00 MDT,37.22,24.9,22.2,46.4,24.08,04/26/2013,00:00 MDT
4917,MLDU1,04/27/2013 00:00 MDT,40.82,25.0,21.6,44.42,32.0,04/27/2013,00:00 MDT
4941,MLDU1,04/28/2013 00:00 MDT,45.86,25.0,20.5,49.1,33.62,04/28/2013,00:00 MDT
4965,MLDU1,04/29/2013 00:00 MDT,45.14,25.0,19.2,51.44,38.12,04/29/2013,00:00 MDT
4989,MLDU1,04/30/2013 00:00 MDT,43.16,25.1,18.0,53.24,41.9,04/30/2013,00:00 MDT
5013,MLDU1,05/01/2013 00:00 MDT,25.88,24.9,17.5,51.08,39.2,05/01/2013,00:00 MDT
5037,MLDU1,05/02/2013 00:00 MDT,24.44,24.8,17.1,41.54,23.0,05/02/2013,00:00 MDT
5061,MLDU1,05/03/2013 00:00 MDT,37.04,25.0,16.8,33.08,17.78,05/03/2013,00:00 MDT
5085,MLDU1,05/04/2013 00:00 MDT,39.92,25.1,15.7,46.04,22.64,05/04/2013,00:00 MDT
5109,MLDU1,05/05/2013 00:00 MDT,36.86,25.2,14.8,51.08,35.06,05/05/2013,00:00 MDT
5133,MLDU1,05/06/2013 00:00 MDT,45.14,25.2,13.4,53.06,34.52,05/06/2013,00:00 MDT
5157,MLDU1,05/07/2013 00:00 MDT,35.42,25.2,12.6,57.02,34.7,05/07/2013,00:00 MDT
5181,MLDU1,05/08/2013 00:00 MDT,35.96,25.2,12.0,53.06,34.88,05/08/2013,00:00 MDT
5205,MLDU1,05/09/2013 00:00 MDT,37.22,25.3,11.5,47.84,34.16,05/09/2013,00:00 MDT
5229,MLDU1,05/10/2013 00:00 MDT,42.08,25.4,10.5,49.64,35.6,05/10/2013,00:00 MDT
5253,MLDU1,05/11/2013 00:00 MDT,46.58,25.5,9.5,55.04,36.14,05/11/2013,00:00 MDT
5277,MLDU1,05/12/2013 00:00 MDT,49.1,25.6,8.4,58.82,42.26,05/12/2013,00:00 MDT
5301,MLDU1,05/13/2013 00:00 MDT,53.96,25.6,6.9,59.54,44.06,05/13/2013,00:00 MDT
5325,MLDU1,05/14/2013 00:00 MDT,57.56,25.7,5.0,61.88,46.94,05/14/2013,00:00 MDT
5349,MLDU1,05/15/2013 00:00 MDT,57.02,25.8,3.2,68.54,52.52,05/15/2013,00:00 MDT
5373,MLDU1,05/16/2013 00:00 MDT,51.26,25.8,1.7,65.66,50.9,05/16/2013,00:00 MDT
5397,MLDU1,05/17/2013 00:00 MDT,44.42,25.7,0.8,65.66,46.22,05/17/2013,00:00 MDT
5421,MLDU1,05/18/2013 00:00 MDT,36.86,25.7,0.5,61.52,41.9,05/18/2013,00:00 MDT
5445,MLDU1,05/19/2013 00:00 MDT,35.78,25.8,0.5,48.92,36.5,05/19/2013,00:00 MDT
5469,MLDU1,05/20/2013 00:00 MDT,34.16,26.1,0.5,43.34,32.9,05/20/2013,00:00 MDT
5493,MLDU1,05/21/2013 00:00 MDT,39.38,26.4,0.4,43.88,31.64,05/21/2013,00:00 MDT
5517,MLDU1,05/22/2013 00:00 MDT,49.46,26.7,0.3,44.78,32.36,05/22/2013,00:00 MDT
5541,MLDU1,05/23/2013 00:00 MDT,39.74,26.9,0.2,55.04,37.4,05/23/2013,00:00 MDT
5565,MLDU1,05/24/2013 00:00 MDT,34.7,26.9,0.2,64.04,33.8,05/24/2013,00:00 MDT
5589,MLDU1,05/25/2013 00:00 MDT,48.92,27.1,0.2,56.66,30.74,05/25/2013,00:00 MDT
5613,MLDU1,05/26/2013 00:00 MDT,50.72,27.1,0.2,56.12,33.98,05/26/2013,00:00 MDT
5637,MLDU1,05/27/2013 00:00 MDT,49.46,27.2,0.2,61.88,45.68,05/27/2013,00:00 MDT
5661,MLDU1,05/28/2013 00:00 MDT,44.06,27.1,0.2,62.6,45.68,05/28/2013,00:00 MDT
5685,MLDU1,05/29/2013 00:00 MDT,33.44,26.9,0.7,55.4,39.74,05/29/2013,00:00 MDT
5709,MLDU1,05/30/2013 00:00 MDT,35.78,27.2,0.5,44.42,32.9,05/30/2013,00:00 MDT
5733,MLDU1,05/31/2013 00:00 MDT,38.66,27.6,0.2,42.8,32.54,05/31/2013,00:00 MDT
5757,MLDU1,06/01/2013 00:00 MDT,40.1,27.8,0.2,45.86,33.62,06/01/2013,00:00 MDT
0,MLDU1,10/04/2013 00:00 MDT,24.98,-0.3,0.6,58.82,37.76,10/04/2013,00:00 MDT
23,MLDU1,10/05/2013 00:00 MDT,25.34,0.3,1.0,43.16,24.44,10/05/2013,00:00 MDT
47,MLDU1,10/06/2013 00:00 MDT,38.12,0.4,0.8,34.34,22.1,10/06/2013,00:00 MDT
71,MLDU1,10/07/2013 00:00 MDT,50.36,0.8,0.3,40.82,23.72,10/07/2013,00:00 MDT
95,MLDU1,10/08/2013 00:00 MDT,50.36,1.1,0.3,58.28,39.02,10/08/2013,00:00 MDT
119,MLDU1,10/09/2013 00:00 MDT,43.7,1.0,0.2,60.62,48.02,10/09/2013,00:00 MDT
143,MLDU1,10/10/2013 00:00 MDT,37.4,0.8,0.2,50.72,41.18,10/10/2013,00:00 MDT
167,MLDU1,10/11/2013 00:00 MDT,30.92,0.7,0.3,50.9,35.06,10/11/2013,00:00 MDT
191,MLDU1,10/12/2013 00:00 MDT,33.08,0.7,0.2,39.56,30.2,10/12/2013,00:00 MDT
215,MLDU1,10/13/2013 00:00 MDT,36.14,0.9,0.2,41.18,28.22,10/13/2013,00:00 MDT
239,MLDU1,10/14/2013 00:00 MDT,31.28,0.9,0.6,48.38,33.44,10/14/2013,00:00 MDT
263,MLDU1,10/15/2013 00:00 MDT,26.96,1.1,0.7,43.7,30.92,10/15/2013,00:00 MDT
287,MLDU1,10/16/2013 00:00 MDT,25.16,1.2,0.7,36.5,25.7,10/16/2013,00:00 MDT
311,MLDU1,10/17/2013 00:00 MDT,32.9,1.3,0.6,39.74,23.9,10/17/2013,00:00 MDT
335,MLDU1,10/18/2013 00:00 MDT,30.56,1.3,0.4,38.66,23.72,10/18/2013,00:00 MDT
359,MLDU1,10/19/2013 00:00 MDT,32.72,1.4,0.3,40.82,29.48,10/19/2013,00:00 MDT
383,MLDU1,10/20/2013 00:00 MDT,39.74,1.6,0.3,40.1,28.22,10/20/2013,00:00 MDT
407,MLDU1,10/21/2013 00:00 MDT,35.6,1.6,0.2,45.86,32.18,10/21/2013,00:00 MDT
431,MLDU1,10/22/2013 00:00 MDT,38.66,1.7,0.2,46.76,34.88,10/22/2013,00:00 MDT
455,MLDU1,10/23/2013 00:00 MDT,45.32,1.8,0.2,49.46,33.08,10/23/2013,00:00 MDT
479,MLDU1,10/24/2013 00:00 MDT,46.4,2.0,0.3,55.58,38.66,10/24/2013,00:00 MDT
503,MLDU1,10/25/2013 00:00 MDT,44.24,1.9,0.3,56.84,42.26,10/25/2013,00:00 MDT
527,MLDU1,10/26/2013 00:00 MDT,41.9,1.9,0.3,56.48,43.16,10/26/2013,00:00 MDT
551,MLDU1,10/27/2013 00:00 MDT,42.62,1.8,0.3,55.58,41.18,10/27/2013,00:00 MDT
575,MLDU1,10/28/2013 00:00 MDT,37.4,1.9,0.3,51.8,39.38,10/28/2013,00:00 MDT
599,MLDU1,10/29/2013 00:00 MDT,27.86,1.8,0.9,52.7,36.86,10/29/2013,00:00 MDT
623,MLDU1,10/30/2013 00:00 MDT,25.34,1.9,1.0,44.96,26.96,10/30/2013,00:00 MDT
647,MLDU1,10/31/2013 00:00 MDT,26.06,2.3,1.3,34.16,24.62,10/31/2013,00:00 MDT
671,MLDU1,11/01/2013 00:00 MDT,31.1,2.4,1.4,28.22,24.62,11/01/2013,00:00 MDT
695,MLDU1,11/02/2013 00:00 MDT,36.14,2.5,1.4,33.08,24.8,11/02/2013,00:00 MDT
719,MLDU1,11/03/2013 00:00 MDT,41.72,2.7,1.3,40.64,29.84,11/03/2013,00:00 MDT
3685,MLDU1,03/10/2014 00:00 MDT,40.1,19.3,19.7,44.96,22.82,03/10/2014,00:00 MDT
3709,MLDU1,03/11/2014 00:00 MDT,22.64,19.7,20.3,50.0,35.6,03/11/2014,00:00 MDT
3733,MLDU1,03/12/2014 00:00 MDT,20.66,20.2,20.8,44.42,21.56,03/12/2014,00:00 MDT
3757,MLDU1,03/13/2014 00:00 MDT,30.2,20.3,20.9,32.54,18.14,03/13/2014,00:00 MDT
3781,MLDU1,03/14/2014 00:00 MDT,30.74,20.4,20.9,44.96,17.42,03/14/2014,00:00 MDT
3805,MLDU1,03/15/2014 00:00 MDT,27.68,20.5,21.0,41.36,26.24,03/15/2014,00:00 MDT
3829,MLDU1,03/16/2014 00:00 MDT,29.84,20.5,21.2,42.26,26.42,03/16/2014,00:00 MDT
3853,MLDU1,03/17/2014 00:00 MDT,41.9,20.6,21.1,37.04,23.54,03/17/2014,00:00 MDT
3877,MLDU1,03/18/2014 00:00 MDT,17.1,20.7,21.6,44.6,29.48,03/18/2014,00:00 MDT
3901,MLDU1,03/19/2014 00:00 MDT,14.72,20.8,21.6,42.8,15.62,03/19/2014,00:00 MDT
3924,MLDU1,03/20/2014 00:00 MDT,34.7,21.0,21.7,23.72,13.64,03/20/2014,00:00 MDT
3948,MLDU1,03/21/2014 00:00 MDT,34.16,21.0,21.6,37.76,13.82,03/21/2014,00:00 MDT
3972,MLDU1,03/22/2014 00:00 MDT,32.72,21.0,21.5,41.9,30.38,03/22/2014,00:00 MDT
3996,MLDU1,03/23/2014 00:00 MDT,26.6,21.0,21.5,39.74,24.08,03/23/2014,00:00 MDT
4020,MLDU1,03/24/2014 00:00 MDT,32.9,21.1,21.4,35.06,22.46,03/24/2014,00:00 MDT
4044,MLDU1,03/25/2014 00:00 MDT,34.16,21.1,21.1,39.56,25.16,03/25/2014,00:00 MDT
4068,MLDU1,03/26/2014 00:00 MDT,41.54,21.1,20.6,41.18,27.86,03/26/2014,00:00 MDT
4092,MLDU1,03/27/2014 00:00 MDT,25.52,21.3,20.8,51.44,33.98,03/27/2014,00:00 MDT
4116,MLDU1,03/28/2014 00:00 MDT,23.18,21.8,21.5,41.36,25.34,03/28/2014,00:00 MDT
4140,MLDU1,03/29/2014 00:00 MDT,32.0,22.0,21.7,29.84,22.64,03/29/2014,00:00 MDT
4164,MLDU1,03/30/2014 00:00 MDT,38.66,22.0,21.8,38.48,22.64,03/30/2014,00:00 MDT
4188,MLDU1,03/31/2014 00:00 MDT,21.38,22.7,23.0,42.44,32.36,03/31/2014,00:00 MDT
4212,MLDU1,04/01/2014 00:00 MDT,26.24,23.0,23.3,39.38,20.3,04/01/2014,00:00 MDT
4236,MLDU1,04/02/2014 00:00 MDT,21.02,23.3,23.8,36.68,16.16,04/02/2014,00:00 MDT
4260,MLDU1,04/03/2014 00:00 MDT,19.58,23.4,23.7,33.8,19.76,04/03/2014,00:00 MDT
4284,MLDU1,04/04/2014 00:00 MDT,25.16,23.4,23.9,32.18,18.14,04/04/2014,00:00 MDT
4308,MLDU1,04/05/2014 00:00 MDT,29.3,23.5,24.0,37.04,17.42,04/05/2014,00:00 MDT
4332,MLDU1,04/06/2014 00:00 MDT,26.24,23.6,24.1,41.0,23.9,04/06/2014,00:00 MDT
4356,MLDU1,04/07/2014 00:00 MDT,30.74,23.8,24.4,38.12,25.7,04/07/2014,00:00 MDT
4380,MLDU1,04/08/2014 00:00 MDT,35.96,23.9,24.4,32.0,24.44,04/08/2014,00:00 MDT
4404,MLDU1,04/09/2014 00:00 MDT,45.14,24.0,24.0,45.14,28.22,04/09/2014,00:00 MDT
4428,MLDU1,04/10/2014 00:00 MDT,44.96,24.0,23.5,50.9,35.24,04/10/2014,00:00 MDT
4452,MLDU1,04/11/2014 00:00 MDT,43.52,24.1,23.0,52.52,42.62,04/11/2014,00:00 MDT
4476,MLDU1,04/12/2014 00:00 MDT,46.76,24.1,22.2,49.64,39.2,04/12/2014,00:00 MDT
4500,MLDU1,04/13/2014 00:00 MDT,37.58,24.1,21.4,53.96,39.74,04/13/2014,00:00 MDT
4524,MLDU1,04/14/2014 00:00 MDT,22.64,24.2,21.5,49.28,30.02,04/14/2014,00:00 MDT
4545,MLDU1,04/15/2014 00:00 MDT,33.1,24.3,21.7,,,04/15/2014,00:00 MDT
4569,MLDU1,04/16/2014 00:00 MDT,32.72,24.3,21.0,40.82,18.14,04/16/2014,00:00 MDT
4593,MLDU1,04/17/2014 00:00 MDT,30.74,24.3,20.4,46.22,30.56,04/17/2014,00:00 MDT
4617,MLDU1,04/18/2014 00:00 MDT,49.1,24.5,19.1,38.48,26.6,04/18/2014,00:00 MDT
4641,MLDU1,04/19/2014 00:00 MDT,40.82,24.4,18.0,50.0,31.46,04/19/2014,00:00 MDT
4665,MLDU1,04/20/2014 00:00 MDT,44.24,24.5,17.1,49.28,40.46,04/20/2014,00:00 MDT
4689,MLDU1,04/21/2014 00:00 MDT,40.82,24.4,15.9,51.26,40.1,04/21/2014,00:00 MDT
4713,MLDU1,04/22/2014 00:00 MDT,48.74,24.5,14.7,49.82,39.74,04/22/2014,00:00 MDT
4737,MLDU1,04/23/2014 00:00 MDT,27.32,24.5,14.0,57.02,39.74,04/23/2014,00:00 MDT
4761,MLDU1,04/24/2014 00:00 MDT,27.68,24.6,14.4,51.62,25.52,04/24/2014,00:00 MDT
4785,MLDU1,04/25/2014 00:00 MDT,40.1,24.7,14.2,32.54,19.22,04/25/2014,00:00 MDT
4809,MLDU1,04/26/2014 00:00 MDT,35.6,24.9,13.9,45.86,27.32,04/26/2014,00:00 MDT
4833,MLDU1,04/27/2014 00:00 MDT,26.24,25.4,14.5,48.56,33.44,04/27/2014,00:00 MDT
4857,MLDU1,04/28/2014 00:00 MDT,24.8,25.7,14.8,38.66,24.26,04/28/2014,00:00 MDT
4881,MLDU1,04/29/2014 00:00 MDT,22.1,26.3,15.4,33.44,21.74,04/29/2014,00:00 MDT
4905,MLDU1,04/30/2014 00:00 MDT,28.94,26.5,15.5,28.76,21.02,04/30/2014,00:00 MDT
4929,MLDU1,05/01/2014 00:00 MDT,35.24,26.5,15.3,38.48,20.66,05/01/2014,00:00 MDT
4953,MLDU1,05/02/2014 00:00 MDT,42.26,26.6,14.9,44.24,23.9,05/02/2014,00:00 MDT
4977,MLDU1,05/03/2014 00:00 MDT,48.38,26.7,13.8,51.08,33.8,05/03/2014,00:00 MDT
5001,MLDU1,05/04/2014 00:00 MDT,52.88,27.0,12.2,55.22,41.54,05/04/2014,00:00 MDT
5025,MLDU1,05/05/2014 00:00 MDT,50.36,26.9,10.6,60.8,46.04,05/05/2014,00:00 MDT
5049,MLDU1,05/06/2014 00:00 MDT,38.48,26.8,9.6,56.66,48.02,05/06/2014,00:00 MDT
5073,MLDU1,05/07/2014 00:00 MDT,32.9,26.8,9.1,55.04,37.22,05/07/2014,00:00 MDT
5097,MLDU1,05/08/2014 00:00 MDT,29.84,26.9,9.3,46.76,31.1,05/08/2014,00:00 MDT
5121,MLDU1,05/09/2014 00:00 MDT,35.42,27.1,9.3,37.22,28.76,05/09/2014,00:00 MDT
5145,MLDU1,05/10/2014 00:00 MDT,34.34,27.5,10.1,40.82,28.94,05/10/2014,00:00 MDT
5169,MLDU1,05/11/2014 00:00 MDT,26.78,27.7,10.3,39.38,31.46,05/11/2014,00:00 MDT
5193,MLDU1,05/12/2014 00:00 MDT,24.62,28.1,11.6,40.28,26.6,05/12/2014,00:00 MDT
5217,MLDU1,05/13/2014 00:00 MDT,26.42,28.3,11.6,29.84,22.82,05/13/2014,00:00 MDT
5241,MLDU1,05/14/2014 00:00 MDT,34.88,28.4,11.7,42.26,20.66,05/14/2014,00:00 MDT
5265,MLDU1,05/15/2014 00:00 MDT,41.36,28.5,10.9,45.32,23.9,05/15/2014,00:00 MDT
5289,MLDU1,05/16/2014 00:00 MDT,48.2,28.6,9.6,50.0,33.44,05/16/2014,00:00 MDT
5313,MLDU1,05/17/2014 00:00 MDT,51.62,28.7,8.3,56.12,40.28,05/17/2014,00:00 MDT
5337,MLDU1,05/18/2014 00:00 MDT,53.06,28.9,6.4,58.46,47.66,05/18/2014,00:00 MDT
5361,MLDU1,05/19/2014 00:00 MDT,44.6,28.8,4.8,60.62,46.04,05/19/2014,00:00 MDT
5385,MLDU1,05/20/2014 00:00 MDT,41.0,28.8,3.2,57.56,42.44,05/20/2014,00:00 MDT
5409,MLDU1,05/21/2014 00:00 MDT,46.58,29.0,2.0,55.22,37.76,05/21/2014,00:00 MDT
5433,MLDU1,05/22/2014 00:00 MDT,45.86,28.9,1.1,59.36,39.02,05/22/2014,00:00 MDT
5457,MLDU1,05/23/2014 00:00 MDT,50.54,29.1,0.6,58.82,42.08,05/23/2014,00:00 MDT
5481,MLDU1,05/24/2014 00:00 MDT,45.14,29.1,0.4,61.7,41.9,05/24/2014,00:00 MDT
5505,MLDU1,05/25/2014 00:00 MDT,43.88,29.5,0.2,57.74,41.9,05/25/2014,00:00 MDT
5529,MLDU1,05/26/2014 00:00 MDT,48.92,29.9,0.1,52.52,39.38,05/26/2014,00:00 MDT
5553,MLDU1,05/27/2014 00:00 MDT,55.76,30.2,0.1,58.82,42.98,05/27/2014,00:00 MDT
5577,MLDU1,05/28/2014 00:00 MDT,58.82,30.3,0.1,63.68,46.76,05/28/2014,00:00 MDT
5601,MLDU1,05/29/2014 00:00 MDT,58.1,30.3,0.0,67.46,54.68,05/29/2014,00:00 MDT
5625,MLDU1,05/30/2014 00:00 MDT,54.86,30.3,0.0,70.52,54.32,05/30/2014,00:00 MDT
5649,MLDU1,05/31/2014 00:00 MDT,51.62,30.3,0.0,62.42,43.52,05/31/2014,00:00 MDT
5673,MLDU1,06/01/2014 00:00 MDT,48.92,30.1,0.1,66.2,51.08,06/01/2014,00:00 MDT
0,MLDU1,10/04/2014 00:00 MDT,42.8,0.8,0.1,44.06,30.56,10/04/2014,00:00 MDT
24,MLDU1,10/05/2014 00:00 MDT,44.06,0.9,0.1,52.7,37.04,10/05/2014,00:00 MDT
48,MLDU1,10/06/2014 00:00 MDT,46.76,1.0,0.1,55.58,41.36,10/06/2014,00:00 MDT
72,MLDU1,10/07/2014 00:00 MDT,48.56,1.0,0.1,58.46,41.0,10/07/2014,00:00 MDT
96,MLDU1,10/08/2014 00:00 MDT,49.46,1.1,0.1,57.2,44.6,10/08/2014,00:00 MDT
120,MLDU1,10/09/2014 00:00 MDT,48.56,1.2,0.1,58.82,47.66,10/09/2014,00:00 MDT
144,MLDU1,10/10/2014 00:00 MDT,47.48,1.1,0.1,61.88,46.22,10/10/2014,00:00 MDT
168,MLDU1,10/11/2014 00:00 MDT,44.6,1.0,0.1,60.98,44.96,10/11/2014,00:00 MDT
192,MLDU1,10/12/2014 00:00 MDT,47.3,0.9,0.1,60.08,43.88,10/12/2014,00:00 MDT
216,MLDU1,10/13/2014 00:00 MDT,32.54,0.6,0.2,52.52,41.0,10/13/2014,00:00 MDT
240,MLDU1,10/14/2014 00:00 MDT,42.98,0.8,0.2,43.34,29.84,10/14/2014,00:00 MDT
263,MLDU1,10/15/2014 00:00 MDT,54.5,1.2,0.2,48.92,31.1,10/15/2014,00:00 MDT
287,MLDU1,10/16/2014 00:00 MDT,41.0,1.0,0.2,61.7,43.34,10/16/2014,00:00 MDT
310,MLDU1,10/17/2014 00:00 MDT,44.42,1.0,0.2,57.56,39.74,10/17/2014,00:00 MDT
334,MLDU1,10/18/2014 00:00 MDT,48.2,-46.2,0.2,54.5,38.48,10/18/2014,00:00 MDT
358,MLDU1,10/19/2014 00:00 MDT,46.76,-46.2,0.2,211.28,,10/19/2014,00:00 MDT
382,MLDU1,10/20/2014 00:00 MDT,49.64,-46.2,0.2,55.94,46.04,10/20/2014,00:00 MDT
406,MLDU1,10/21/2014 00:00 MDT,47.66,1.0,0.2,58.46,45.14,10/21/2014,00:00 MDT
430,MLDU1,10/22/2014 00:00 MDT,36.68,1.0,0.2,61.16,46.58,10/22/2014,00:00 MDT
454,MLDU1,10/23/2014 00:00 MDT,42.98,1.1,0.2,49.64,35.24,10/23/2014,00:00 MDT
478,MLDU1,10/24/2014 00:00 MDT,51.62,1.1,0.2,49.46,34.52,10/24/2014,00:00 MDT
502,MLDU1,10/25/2014 00:00 MDT,53.42,1.0,0.2,56.84,42.62,10/25/2014,00:00 MDT
526,MLDU1,10/26/2014 00:00 MDT,48.2,1.1,0.2,61.16,47.66,10/26/2014,00:00 MDT
550,MLDU1,10/27/2014 00:00 MDT,29.66,1.1,0.2,60.98,47.12,10/27/2014,00:00 MDT
574,MLDU1,10/28/2014 00:00 MDT,28.22,1.1,0.2,47.48,27.86,10/28/2014,00:00 MDT
598,MLDU1,10/29/2014 00:00 MDT,38.12,1.1,0.2,35.78,24.62,10/29/2014,00:00 MDT
622,MLDU1,10/30/2014 00:00 MDT,42.62,1.1,0.2,46.4,28.94,10/30/2014,00:00 MDT
646,MLDU1,10/31/2014 00:00 MDT,43.88,1.1,0.2,50.9,37.94,10/31/2014,00:00 MDT
670,MLDU1,11/01/2014 00:00 MDT,46.58,1.1,0.2,59.72,42.98,11/01/2014,00:00 MDT
694,MLDU1,11/02/2014 00:00 MDT,32.36,1.3,0.3,57.92,43.88,11/02/2014,00:00 MDT
3694,MLDU1,03/09/2015 00:00 MDT,32.0,14.7,14.7,47.3,31.64,03/09/2015,00:00 MDT
3718,MLDU1,03/10/2015 00:00 MDT,34.7,14.7,14.9,42.44,30.92,03/10/2015,00:00 MDT
3742,MLDU1,03/11/2015 00:00 MDT,38.84,14.7,14.5,44.24,29.3,03/11/2015,00:00 MDT
3766,MLDU1,03/12/2015 00:00 MDT,33.8,14.8,14.1,48.2,31.82,03/12/2015,00:00 MDT
3790,MLDU1,03/13/2015 00:00 MDT,33.3,14.8,14.4,47.3,31.64,03/13/2015,00:00 MDT
3814,MLDU1,03/14/2015 00:00 MDT,38.12,14.8,14.0,44.6,31.28,03/14/2015,00:00 MDT
3838,MLDU1,03/15/2015 00:00 MDT,43.16,14.9,13.5,52.88,30.02,03/15/2015,00:00 MDT
3862,MLDU1,03/16/2015 00:00 MDT,47.12,14.9,12.8,51.26,35.6,03/16/2015,00:00 MDT
3886,MLDU1,03/17/2015 00:00 MDT,46.04,15.0,12.3,59.54,42.44,03/17/2015,00:00 MDT
3910,MLDU1,03/18/2015 00:00 MDT,41.54,14.9,11.8,55.58,43.52,03/18/2015,00:00 MDT
3934,MLDU1,03/19/2015 00:00 MDT,32.18,14.8,11.5,54.14,40.64,03/19/2015,00:00 MDT
3958,MLDU1,03/20/2015 00:00 MDT,36.68,14.8,11.3,45.14,30.74,03/20/2015,00:00 MDT
3982,MLDU1,03/21/2015 00:00 MDT,41.9,14.9,11.0,47.48,27.86,03/21/2015,00:00 MDT
4006,MLDU1,03/22/2015 00:00 MDT,39.56,14.9,10.5,51.62,35.42,03/22/2015,00:00 MDT
4030,MLDU1,03/23/2015 00:00 MDT,37.94,14.9,10.0,53.42,37.76,03/23/2015,00:00 MDT
4054,MLDU1,03/24/2015 00:00 MDT,26.24,15.1,10.3,48.2,35.42,03/24/2015,00:00 MDT
4078,MLDU1,03/25/2015 00:00 MDT,28.04,15.3,10.6,38.84,25.16,03/25/2015,00:00 MDT
4102,MLDU1,03/26/2015 00:00 MDT,28.94,15.4,11.0,35.06,23.18,03/26/2015,00:00 MDT
4126,MLDU1,03/27/2015 00:00 MDT,38.12,15.5,10.6,37.58,17.96,03/27/2015,00:00 MDT
4150,MLDU1,03/28/2015 00:00 MDT,45.5,15.6,9.8,45.5,26.96,03/28/2015,00:00 MDT
4174,MLDU1,03/29/2015 00:00 MDT,40.28,15.5,9.3,52.88,36.68,03/29/2015,00:00 MDT
4198,MLDU1,03/30/2015 00:00 MDT,41.9,15.6,8.7,53.24,38.12,03/30/2015,00:00 MDT
4222,MLDU1,03/31/2015 00:00 MDT,46.04,15.7,7.8,50.9,34.34,03/31/2015,00:00 MDT
4246,MLDU1,04/01/2015 00:00 MDT,42.26,15.7,6.7,55.4,39.74,04/01/2015,00:00 MDT
4270,MLDU1,04/02/2015 00:00 MDT,27.32,15.4,6.8,55.04,34.16,04/02/2015,00:00 MDT
4294,MLDU1,04/03/2015 00:00 MDT,20.66,15.4,6.8,36.5,23.72,04/03/2015,00:00 MDT
4318,MLDU1,04/04/2015 00:00 MDT,32.54,15.7,7.1,30.38,19.58,04/04/2015,00:00 MDT
4342,MLDU1,04/05/2015 00:00 MDT,41.5,15.9,6.1,38.12,16.34,04/05/2015,00:00 MDT
4366,MLDU1,04/06/2015 00:00 MDT,40.1,15.9,5.0,48.74,31.28,04/06/2015,00:00 MDT
4390,MLDU1,04/07/2015 00:00 MDT,28.76,15.8,4.6,51.8,36.68,04/07/2015,00:00 MDT
4414,MLDU1,04/08/2015 00:00 MDT,35.6,15.9,4.2,41.72,28.04,04/08/2015,00:00 MDT
4438,MLDU1,04/09/2015 00:00 MDT,26.96,16.1,4.8,41.72,27.86,04/09/2015,00:00 MDT
4462,MLDU1,04/10/2015 00:00 MDT,31.82,16.1,4.9,33.8,24.98,04/10/2015,00:00 MDT
4486,MLDU1,04/11/2015 00:00 MDT,40.1,16.3,3.6,42.08,25.52,04/11/2015,00:00 MDT
4510,MLDU1,04/12/2015 00:00 MDT,36.68,16.3,2.8,47.84,32.54,04/12/2015,00:00 MDT
4534,MLDU1,04/13/2015 00:00 MDT,35.6,16.3,2.4,49.64,31.64,04/13/2015,00:00 MDT
4558,MLDU1,04/14/2015 00:00 MDT,47.12,16.6,1.8,41.0,26.24,04/14/2015,00:00 MDT
4582,MLDU1,04/15/2015 00:00 MDT,18.5,16.6,2.1,53.96,34.52,04/15/2015,00:00 MDT
4606,MLDU1,04/16/2015 00:00 MDT,19.76,17.8,3.3,50.9,16.88,04/16/2015,00:00 MDT
4630,MLDU1,04/17/2015 00:00 MDT,28.22,17.9,3.7,25.34,15.08,04/17/2015,00:00 MDT
4654,MLDU1,04/18/2015 00:00 MDT,33.8,18.0,3.8,33.08,19.4,04/18/2015,00:00 MDT
4678,MLDU1,04/19/2015 00:00 MDT,39.2,18.1,3.3,41.36,26.24,04/19/2015,00:00 MDT
4702,MLDU1,04/20/2015 00:00 MDT,38.12,18.1,2.5,49.1,33.08,04/20/2015,00:00 MDT
4726,MLDU1,04/21/2015 00:00 MDT,41.0,18.2,1.5,48.38,35.24,04/21/2015,00:00 MDT
4750,MLDU1,04/22/2015 00:00 MDT,44.24,18.3,1.0,50.36,35.06,04/22/2015,00:00 MDT
4774,MLDU1,04/23/2015 00:00 MDT,40.28,18.3,0.8,55.04,39.56,04/23/2015,00:00 MDT
4798,MLDU1,04/24/2015 00:00 MDT,38.3,18.4,0.5,53.78,36.5,04/24/2015,00:00 MDT
4822,MLDU1,04/25/2015 00:00 MDT,32.36,18.6,0.7,50.18,34.34,04/25/2015,00:00 MDT
4846,MLDU1,04/26/2015 00:00 MDT,31.5,18.6,0.5,,,04/26/2015,00:00 MDT
4870,MLDU1,04/27/2015 00:00 MDT,29.66,18.9,0.9,39.74,26.42,04/27/2015,00:00 MDT
4894,MLDU1,04/28/2015 00:00 MDT,37.04,19.0,0.4,32.72,25.34,04/28/2015,00:00 MDT
4918,MLDU1,04/29/2015 00:00 MDT,44.6,19.5,0.3,48.2,29.3,04/29/2015,00:00 MDT
4942,MLDU1,04/30/2015 00:00 MDT,52.16,19.5,0.3,53.96,35.42,04/30/2015,00:00 MDT
4966,MLDU1,05/01/2015 00:00 MDT,44.42,19.3,0.2,59.9,43.52,05/01/2015,00:00 MDT
4990,MLDU1,05/02/2015 00:00 MDT,45.86,19.4,0.2,55.04,41.72,05/02/2015,00:00 MDT
5014,MLDU1,05/03/2015 00:00 MDT,47.84,19.4,0.2,58.1,42.8,05/03/2015,00:00 MDT
5038,MLDU1,05/04/2015 00:00 MDT,44.78,19.3,0.2,59.54,45.86,05/04/2015,00:00 MDT
5062,MLDU1,05/05/2015 00:00 MDT,42.26,19.2,0.2,57.92,42.08,05/05/2015,00:00 MDT
5086,MLDU1,05/06/2015 00:00 MDT,38.66,19.4,0.2,51.62,39.56,05/06/2015,00:00 MDT
5110,MLDU1,05/07/2015 00:00 MDT,34.16,19.4,0.3,47.48,36.68,05/07/2015,00:00 MDT
5134,MLDU1,05/08/2015 00:00 MDT,35.78,20.0,0.2,46.94,33.8,05/08/2015,00:00 MDT
5158,MLDU1,05/09/2015 00:00 MDT,33.8,19.9,0.3,51.26,33.62,05/09/2015,00:00 MDT
5182,MLDU1,05/10/2015 00:00 MDT,30.2,20.6,0.8,48.92,32.9,05/10/2015,00:00 MDT
5206,MLDU1,05/11/2015 00:00 MDT,34.34,20.6,0.3,36.32,29.84,05/11/2015,00:00 MDT
5230,MLDU1,05/12/2015 00:00 MDT,43.52,21.2,0.2,42.08,28.04,05/12/2015,00:00 MDT
5254,MLDU1,05/13/2015 00:00 MDT,46.58,21.2,0.2,52.88,33.44,05/13/2015,00:00 MDT
5278,MLDU1,05/14/2015 00:00 MDT,44.24,21.2,0.2,59.54,40.1,05/14/2015,00:00 MDT
5302,MLDU1,05/15/2015 00:00 MDT,32.54,21.1,0.3,54.86,41.36,05/15/2015,00:00 MDT
5326,MLDU1,05/16/2015 00:00 MDT,31.1,21.0,0.2,52.52,32.54,05/16/2015,00:00 MDT
5350,MLDU1,05/17/2015 00:00 MDT,34.34,21.6,1.2,41.18,29.84,05/17/2015,00:00 MDT
5374,MLDU1,05/18/2015 00:00 MDT,42.26,22.6,1.7,35.42,29.48,05/18/2015,00:00 MDT
5398,MLDU1,05/19/2015 00:00 MDT,38.3,22.8,1.4,46.22,33.62,05/19/2015,00:00 MDT
5422,MLDU1,05/20/2015 00:00 MDT,36.32,23.0,0.7,50.0,34.7,05/20/2015,00:00 MDT
5446,MLDU1,05/21/2015 00:00 MDT,38.3,23.2,0.3,48.2,33.62,05/21/2015,00:00 MDT
5470,MLDU1,05/22/2015 00:00 MDT,40.82,23.4,0.2,50.18,35.6,05/22/2015,00:00 MDT
5494,MLDU1,05/23/2015 00:00 MDT,37.04,23.3,0.3,51.44,38.84,05/23/2015,00:00 MDT
5518,MLDU1,05/24/2015 00:00 MDT,36.68,23.5,0.2,45.68,35.24,05/24/2015,00:00 MDT
5542,MLDU1,05/25/2015 00:00 MDT,37.94,23.7,0.3,47.3,33.44,05/25/2015,00:00 MDT
5566,MLDU1,05/26/2015 00:00 MDT,41.9,23.8,0.2,44.42,33.44,05/26/2015,00:00 MDT
5590,MLDU1,05/27/2015 00:00 MDT,39.74,23.7,0.2,51.44,36.5,05/27/2015,00:00 MDT
5614,MLDU1,05/28/2015 00:00 MDT,39.7,24.0,0.2,48.2,38.84,05/28/2015,00:00 MDT
5638,MLDU1,05/29/2015 00:00 MDT,42.08,24.1,0.2,51.26,38.48,05/29/2015,00:00 MDT
5662,MLDU1,05/30/2015 00:00 MDT,47.84,24.2,0.2,51.26,36.68,05/30/2015,00:00 MDT
5686,MLDU1,05/31/2015 00:00 MDT,57.74,24.3,0.1,58.64,39.74,05/31/2015,00:00 MDT
5710,MLDU1,06/01/2015 00:00 MDT,58.46,24.1,0.1,64.4,47.48,06/01/2015,00:00 MDT
0,MLDU1,10/05/2015 00:00 MDT,50.0,1.1,0.2,50.54,38.12,10/05/2015,00:00 MDT
24,MLDU1,10/06/2015 00:00 MDT,44.42,1.0,0.1,54.86,40.82,10/06/2015,00:00 MDT
48,MLDU1,10/07/2015 00:00 MDT,43.88,0.9,0.1,57.2,43.16,10/07/2015,00:00 MDT
72,MLDU1,10/08/2015 00:00 MDT,47.12,0.8,0.1,55.4,41.72,10/08/2015,00:00 MDT
96,MLDU1,10/09/2015 00:00 MDT,46.76,0.8,0.1,57.56,42.26,10/09/2015,00:00 MDT
120,MLDU1,10/10/2015 00:00 MDT,52.34,0.9,0.1,60.44,44.06,10/10/2015,00:00 MDT
144,MLDU1,10/11/2015 00:00 MDT,55.76,0.6,0.1,65.12,44.24,10/11/2015,00:00 MDT
168,MLDU1,10/12/2015 00:00 MDT,50.36,0.8,0.1,65.66,51.98,10/12/2015,00:00 MDT
192,MLDU1,10/13/2015 00:00 MDT,51.8,0.7,0.1,55.58,48.38,10/13/2015,00:00 MDT
216,MLDU1,10/14/2015 00:00 MDT,53.24,0.7,0.1,59.9,46.58,10/14/2015,00:00 MDT
240,MLDU1,10/15/2015 00:00 MDT,52.7,0.7,0.1,63.32,50.72,10/15/2015,00:00 MDT
264,MLDU1,10/16/2015 00:00 MDT,52.16,0.7,0.1,64.58,50.54,10/16/2015,00:00 MDT
288,MLDU1,10/17/2015 00:00 MDT,51.08,0.8,0.1,66.2,50.36,10/17/2015,00:00 MDT
312,MLDU1,10/18/2015 00:00 MDT,45.5,0.8,0.2,66.56,49.46,10/18/2015,00:00 MDT
336,MLDU1,10/19/2015 00:00 MDT,39.74,1.1,0.2,57.92,43.34,10/19/2015,00:00 MDT
360,MLDU1,10/20/2015 00:00 MDT,39.92,1.1,0.2,59.36,39.02,10/20/2015,00:00 MDT
384,MLDU1,10/21/2015 00:00 MDT,37.04,1.3,0.2,48.38,37.04,10/21/2015,00:00 MDT
408,MLDU1,10/22/2015 00:00 MDT,40.64,1.3,0.2,49.1,35.6,10/22/2015,00:00 MDT
432,MLDU1,10/23/2015 00:00 MDT,36.32,1.3,0.2,47.3,33.62,10/23/2015,00:00 MDT
456,MLDU1,10/24/2015 00:00 MDT,36.5,1.2,0.2,45.5,35.24,10/24/2015,00:00 MDT
480,MLDU1,10/25/2015 00:00 MDT,42.8,1.3,0.2,48.74,33.98,10/25/2015,00:00 MDT
504,MLDU1,10/26/2015 00:00 MDT,43.34,1.4,0.2,51.8,36.32,10/26/2015,00:00 MDT
528,MLDU1,10/27/2015 00:00 MDT,43.88,1.4,0.2,51.44,42.44,10/27/2015,00:00 MDT
552,MLDU1,10/28/2015 00:00 MDT,33.44,1.2,0.2,49.1,39.56,10/28/2015,00:00 MDT
576,MLDU1,10/29/2015 00:00 MDT,36.5,1.4,0.2,40.82,31.1,10/29/2015,00:00 MDT
600,MLDU1,10/30/2015 00:00 MDT,30.2,1.5,0.5,45.68,32.18,10/30/2015,00:00 MDT
624,MLDU1,10/31/2015 00:00 MDT,32.36,1.6,0.3,34.52,29.12,10/31/2015,00:00 MDT
648,MLDU1,11/01/2015 00:00 MDT,44.2,1.7,0.3,40.82,26.24,11/01/2015,00:00 MDT
3797,MLDU1,03/14/2016 00:00 MDT,32.9,19.2,18.8,43.88,33.44,03/14/2016,00:00 MDT
3821,MLDU1,03/15/2016 00:00 MDT,18.14,19.7,19.9,42.08,32.18,03/15/2016,00:00 MDT
3845,MLDU1,03/16/2016 00:00 MDT,18.32,20.1,20.4,33.08,17.6,03/16/2016,00:00 MDT
3869,MLDU1,03/17/2016 00:00 MDT,27.86,20.2,20.6,23.0,15.98,03/17/2016,00:00 MDT
3893,MLDU1,03/18/2016 00:00 MDT,24.98,20.3,20.8,30.56,17.96,03/18/2016,00:00 MDT
3917,MLDU1,03/19/2016 00:00 MDT,28.76,20.3,20.9,35.96,24.26,03/19/2016,00:00 MDT
3941,MLDU1,03/20/2016 00:00 MDT,36.68,20.4,21.1,33.26,19.22,03/20/2016,00:00 MDT
3965,MLDU1,03/21/2016 00:00 MDT,44.42,20.4,20.9,45.14,27.86,03/21/2016,00:00 MDT
3989,MLDU1,03/22/2016 00:00 MDT,41.36,20.5,20.7,51.26,34.7,03/22/2016,00:00 MDT
4013,MLDU1,03/23/2016 00:00 MDT,20.12,21.1,21.9,46.58,36.86,03/23/2016,00:00 MDT
4037,MLDU1,03/24/2016 00:00 MDT,23.18,21.3,22.0,37.4,19.58,03/24/2016,00:00 MDT
4061,MLDU1,03/25/2016 00:00 MDT,29.3,21.4,22.1,30.74,19.22,03/25/2016,00:00 MDT
4085,MLDU1,03/26/2016 00:00 MDT,20.66,21.4,22.3,37.94,23.0,03/26/2016,00:00 MDT
4109,MLDU1,03/27/2016 00:00 MDT,23.18,21.4,22.4,29.84,19.04,03/27/2016,00:00 MDT
4133,MLDU1,03/28/2016 00:00 MDT,37.4,21.5,22.4,37.76,16.34,03/28/2016,00:00 MDT
4157,MLDU1,03/29/2016 00:00 MDT,30.92,21.8,23.2,41.72,23.36,03/29/2016,00:00 MDT
4181,MLDU1,03/30/2016 00:00 MDT,21.02,22.3,23.7,34.34,27.32,03/30/2016,00:00 MDT
4205,MLDU1,03/31/2016 00:00 MDT,23.72,22.3,23.7,35.24,20.66,03/31/2016,00:00 MDT
4229,MLDU1,04/01/2016 00:00 MDT,27.32,22.5,23.9,30.2,19.76,04/01/2016,00:00 MDT
4253,MLDU1,04/02/2016 00:00 MDT,32.18,22.6,23.9,44.6,24.62,04/02/2016,00:00 MDT
4277,MLDU1,04/03/2016 00:00 MDT,37.4,22.6,23.7,45.5,22.82,04/03/2016,00:00 MDT
4301,MLDU1,04/04/2016 00:00 MDT,41.54,22.6,22.9,45.5,30.74,04/04/2016,00:00 MDT
4325,MLDU1,04/05/2016 00:00 MDT,40.64,22.7,22.0,50.54,35.24,04/05/2016,00:00 MDT
4349,MLDU1,04/06/2016 00:00 MDT,30.7,22.6,21.3,54.5,33.8,04/06/2016,00:00 MDT
4373,MLDU1,04/07/2016 00:00 MDT,40.64,22.7,21.0,36.32,28.76,04/07/2016,00:00 MDT
4397,MLDU1,04/08/2016 00:00 MDT,42.8,22.7,19.7,48.74,29.12,04/08/2016,00:00 MDT
4421,MLDU1,04/09/2016 00:00 MDT,43.88,22.7,18.6,57.2,37.58,04/09/2016,00:00 MDT
4445,MLDU1,04/10/2016 00:00 MDT,38.12,22.8,17.9,55.58,39.92,04/10/2016,00:00 MDT
4469,MLDU1,04/11/2016 00:00 MDT,39.74,22.7,17.3,49.28,37.94,04/11/2016,00:00 MDT
4493,MLDU1,04/12/2016 00:00 MDT,39.92,22.7,16.3,47.12,35.06,04/12/2016,00:00 MDT
4517,MLDU1,04/13/2016 00:00 MDT,42.8,22.8,15.3,49.46,36.68,04/13/2016,00:00 MDT
4541,MLDU1,04/14/2016 00:00 MDT,38.12,23.0,14.9,51.44,38.48,04/14/2016,00:00 MDT
4565,MLDU1,04/15/2016 00:00 MDT,23.72,23.2,15.3,45.32,34.16,04/15/2016,00:00 MDT
4589,MLDU1,04/16/2016 00:00 MDT,24.08,23.4,15.5,41.72,22.64,04/16/2016,00:00 MDT
4613,MLDU1,04/17/2016 00:00 MDT,31.1,23.6,15.6,33.8,20.66,04/17/2016,00:00 MDT
4637,MLDU1,04/18/2016 00:00 MDT,28.58,23.6,15.8,40.46,23.0,04/18/2016,00:00 MDT
4661,MLDU1,04/19/2016 00:00 MDT,31.82,23.6,15.6,40.28,25.88,04/19/2016,00:00 MDT
4685,MLDU1,04/20/2016 00:00 MDT,39.02,23.8,14.0,45.14,24.98,04/20/2016,00:00 MDT
4709,MLDU1,04/21/2016 00:00 MDT,45.5,23.9,13.1,45.68,31.46,04/21/2016,00:00 MDT
4733,MLDU1,04/22/2016 00:00 MDT,46.58,24.0,11.5,53.96,38.66,04/22/2016,00:00 MDT
4757,MLDU1,04/23/2016 00:00 MDT,48.56,24.1,10.4,59.54,43.16,04/23/2016,00:00 MDT
4781,MLDU1,04/24/2016 00:00 MDT,29.66,24.3,11.3,57.2,45.86,04/24/2016,00:00 MDT
4805,MLDU1,04/25/2016 00:00 MDT,33.62,24.9,11.4,47.3,28.94,04/25/2016,00:00 MDT
4829,MLDU1,04/26/2016 00:00 MDT,30.74,25.2,11.8,39.92,29.48,04/26/2016,00:00 MDT
4853,MLDU1,04/27/2016 00:00 MDT,31.64,26.4,13.1,44.24,29.66,04/27/2016,00:00 MDT
4877,MLDU1,04/28/2016 00:00 MDT,32.9,27.1,13.7,37.04,29.48,04/28/2016,00:00 MDT
4901,MLDU1,04/29/2016 00:00 MDT,29.66,27.2,13.9,46.94,29.66,04/29/2016,00:00 MDT
4925,MLDU1,04/30/2016 00:00 MDT,30.38,27.3,13.9,41.0,27.5,04/30/2016,00:00 MDT
4949,MLDU1,05/01/2016 00:00 MDT,29.48,27.3,14.0,41.36,26.42,05/01/2016,00:00 MDT
4973,MLDU1,05/02/2016 00:00 MDT,32.72,27.4,13.8,40.64,26.42,05/02/2016,00:00 MDT
4997,MLDU1,05/03/2016 00:00 MDT,39.74,27.5,13.5,44.06,25.34,05/03/2016,00:00 MDT
5021,MLDU1,05/04/2016 00:00 MDT,45.86,27.6,12.7,50.9,32.9,05/04/2016,00:00 MDT
5045,MLDU1,05/05/2016 00:00 MDT,50.0,27.7,11.7,57.74,37.4,05/05/2016,00:00 MDT
5069,MLDU1,05/06/2016 00:00 MDT,48.38,27.7,10.6,60.26,42.8,05/06/2016,00:00 MDT
5093,MLDU1,05/07/2016 00:00 MDT,36.86,27.8,9.9,60.44,47.12,05/07/2016,00:00 MDT
5117,MLDU1,05/08/2016 00:00 MDT,34.7,27.9,9.9,52.7,35.78,05/08/2016,00:00 MDT
5141,MLDU1,05/09/2016 00:00 MDT,38.84,28.2,10.3,44.06,33.98,05/09/2016,00:00 MDT
5165,MLDU1,05/10/2016 00:00 MDT,31.28,28.7,10.0,40.64,32.9,05/10/2016,00:00 MDT
5189,MLDU1,05/11/2016 00:00 MDT,30.38,28.9,9.9,48.38,29.48,05/11/2016,00:00 MDT
5213,MLDU1,05/12/2016 00:00 MDT,35.6,29.0,9.3,37.58,25.34,05/12/2016,00:00 MDT
5237,MLDU1,05/13/2016 00:00 MDT,48.02,29.2,7.3,42.98,26.78,05/13/2016,00:00 MDT
5261,MLDU1,05/14/2016 00:00 MDT,54.5,29.4,5.5,55.22,36.14,05/14/2016,00:00 MDT
5285,MLDU1,05/15/2016 00:00 MDT,52.88,29.5,3.3,62.06,48.02,05/15/2016,00:00 MDT
5309,MLDU1,05/16/2016 00:00 MDT,38.12,29.6,2.1,64.04,49.46,05/16/2016,00:00 MDT
5333,MLDU1,05/17/2016 00:00 MDT,35.6,29.5,1.9,51.44,37.04,05/17/2016,00:00 MDT
5357,MLDU1,05/18/2016 00:00 MDT,37.76,29.6,1.1,41.54,34.7,05/18/2016,00:00 MDT
5381,MLDU1,05/19/2016 00:00 MDT,45.5,29.8,0.1,45.32,32.9,05/19/2016,00:00 MDT
5405,MLDU1,05/20/2016 00:00 MDT,42.62,30.0,-0.5,55.94,37.22,05/20/2016,00:00 MDT
5429,MLDU1,05/21/2016 00:00 MDT,46.22,30.2,-0.6,58.46,38.84,05/21/2016,00:00 MDT
5453,MLDU1,05/22/2016 00:00 MDT,33.62,29.9,-0.7,55.04,39.92,05/22/2016,00:00 MDT
5477,MLDU1,05/23/2016 00:00 MDT,35.42,30.1,-0.7,45.14,32.54,05/23/2016,00:00 MDT
5501,MLDU1,05/24/2016 00:00 MDT,40.46,30.4,-0.8,40.1,30.2,05/24/2016,00:00 MDT
5525,MLDU1,05/25/2016 00:00 MDT,37.76,30.4,0.0,49.1,35.24,05/25/2016,00:00 MDT
5549,MLDU1,05/26/2016 00:00 MDT,39.56,30.5,-0.1,52.16,33.8,05/26/2016,00:00 MDT
5573,MLDU1,05/27/2016 00:00 MDT,38.12,30.4,-0.1,49.28,34.52,05/27/2016,00:00 MDT
5597,MLDU1,05/28/2016 00:00 MDT,40.28,30.7,-0.1,49.64,35.78,05/28/2016,00:00 MDT
5621,MLDU1,05/29/2016 00:00 MDT,45.5,31.0,-0.1,49.82,36.86,05/29/2016,00:00 MDT
5645,MLDU1,05/30/2016 00:00 MDT,46.58,31.0,-0.1,55.22,38.84,05/30/2016,00:00 MDT
5669,MLDU1,05/31/2016 00:00 MDT,45.32,31.2,-0.2,58.28,41.0,05/31/2016,00:00 MDT
5693,MLDU1,06/01/2016 00:00 MDT,46.58,31.3,-0.2,56.3,38.12,06/01/2016,00:00 MDT
0,MLDU1,10/04/2016 00:00 MDT,28.4,0.8,0.7,60.8,40.28,10/04/2016,00:00 MDT
24,MLDU1,10/05/2016 00:00 MDT,32.9,0.9,0.2,45.68,27.86,10/05/2016,00:00 MDT
48,MLDU1,10/06/2016 00:00 MDT,27.14,1.0,0.5,39.56,26.42,10/06/2016,00:00 MDT
72,MLDU1,10/07/2016 00:00 MDT,32.72,1.2,0.3,39.74,26.6,10/07/2016,00:00 MDT
96,MLDU1,10/08/2016 00:00 MDT,43.34,1.4,0.2,40.82,26.6,10/08/2016,00:00 MDT
120,MLDU1,10/09/2016 00:00 MDT,48.2,1.4,0.2,51.8,32.54,10/09/2016,00:00 MDT
144,MLDU1,10/10/2016 00:00 MDT,50.0,1.4,0.2,58.1,42.62,10/10/2016,00:00 MDT
168,MLDU1,10/11/2016 00:00 MDT,47.5,1.4,0.2,57.74,44.96,10/11/2016,00:00 MDT
192,MLDU1,10/12/2016 00:00 MDT,43.7,1.3,0.2,58.46,46.58,10/12/2016,00:00 MDT
216,MLDU1,10/13/2016 00:00 MDT,45.14,1.3,0.2,52.7,41.36,10/13/2016,00:00 MDT
240,MLDU1,10/14/2016 00:00 MDT,51.26,1.5,0.2,54.32,37.94,10/14/2016,00:00 MDT
264,MLDU1,10/15/2016 00:00 MDT,43.34,1.3,0.2,57.38,44.6,10/15/2016,00:00 MDT
288,MLDU1,10/16/2016 00:00 MDT,50.36,1.5,0.2,53.96,42.44,10/16/2016,00:00 MDT
312,MLDU1,10/17/2016 00:00 MDT,46.4,1.3,0.2,59.18,43.52,10/17/2016,00:00 MDT
336,MLDU1,10/18/2016 00:00 MDT,31.28,1.5,0.6,54.32,38.48,10/18/2016,00:00 MDT
357,MLDU1,10/19/2016 00:00 MDT,29.48,1.6,0.6,46.58,29.48,10/19/2016,00:00 MDT
381,MLDU1,10/20/2016 00:00 MDT,30.02,1.6,0.3,41.54,28.4,10/20/2016,00:00 MDT
405,MLDU1,10/21/2016 00:00 MDT,46.04,2.0,0.3,41.18,26.6,10/21/2016,00:00 MDT
429,MLDU1,10/22/2016 00:00 MDT,51.62,2.0,0.3,52.16,31.82,10/22/2016,00:00 MDT
453,MLDU1,10/23/2016 00:00 MDT,50.18,2.1,0.3,59.9,44.24,10/23/2016,00:00 MDT
477,MLDU1,10/24/2016 00:00 MDT,47.12,2.0,0.2,58.1,46.04,10/24/2016,00:00 MDT
501,MLDU1,10/25/2016 00:00 MDT,43.88,1.9,0.3,56.66,44.78,10/25/2016,00:00 MDT
525,MLDU1,10/26/2016 00:00 MDT,43.52,2.1,0.2,48.92,39.38,10/26/2016,00:00 MDT
549,MLDU1,10/27/2016 00:00 MDT,50.72,2.2,0.2,53.78,39.74,10/27/2016,00:00 MDT
573,MLDU1,10/28/2016 00:00 MDT,51.62,2.2,0.2,59.18,40.82,10/28/2016,00:00 MDT
597,MLDU1,10/29/2016 00:00 MDT,44.06,2.3,0.3,59.36,48.2,10/29/2016,00:00 MDT
621,MLDU1,10/30/2016 00:00 MDT,48.2,2.5,0.2,57.2,41.0,10/30/2016,00:00 MDT
645,MLDU1,10/31/2016 00:00 MDT,44.24,2.4,0.3,55.4,41.54,10/31/2016,00:00 MDT
669,MLDU1,11/01/2016 00:00 MDT,38.66,2.8,0.3,50.9,35.78,11/01/2016,00:00 MDT
693,MLDU1,11/02/2016 00:00 MDT,30.74,2.8,0.3,43.16,30.02,11/02/2016,00:00 MDT
717,MLDU1,11/03/2016 00:00 MDT,40.82,3.2,0.2,40.46,29.3,11/03/2016,00:00 MDT
741,MLDU1,11/04/2016 00:00 MDT,43.52,3.3,0.3,48.38,26.96,11/04/2016,00:00 MDT
765,MLDU1,11/05/2016 00:00 MDT,44.06,3.3,0.2,55.04,39.74,11/05/2016,00:00 MDT
789,MLDU1,11/06/2016 00:00 MDT,42.1,3.3,0.2,56.66,43.88,11/06/2016,00:00 MDT
3814,MLDU1,03/13/2017 00:00 MDT,34.34,28.1,28.5,45.5,31.1,03/13/2017,00:00 MDT
3838,MLDU1,03/14/2017 00:00 MDT,43.16,28.1,28.3,40.82,32.18,03/14/2017,00:00 MDT
3862,MLDU1,03/15/2017 00:00 MDT,44.96,28.1,27.8,45.68,32.9,03/15/2017,00:00 MDT
3886,MLDU1,03/16/2017 00:00 MDT,45.5,28.1,27.3,51.8,41.54,03/16/2017,00:00 MDT
3910,MLDU1,03/17/2017 00:00 MDT,42.8,28.1,26.9,54.5,43.34,03/17/2017,00:00 MDT
3934,MLDU1,03/18/2017 00:00 MDT,46.58,28.1,26.4,47.66,40.64,03/18/2017,00:00 MDT
3958,MLDU1,03/19/2017 00:00 MDT,47.48,28.2,25.7,53.96,39.92,03/19/2017,00:00 MDT
3982,MLDU1,03/20/2017 00:00 MDT,45.32,28.1,25.0,55.94,45.5,03/20/2017,00:00 MDT
4006,MLDU1,03/21/2017 00:00 MDT,47.48,28.4,24.5,52.88,37.4,03/21/2017,00:00 MDT
4030,MLDU1,03/22/2017 00:00 MDT,41.9,28.2,23.7,51.44,42.8,03/22/2017,00:00 MDT
4053,MLDU1,03/23/2017 00:00 MDT,32.9,28.4,23.7,52.52,36.32,03/23/2017,00:00 MDT
4077,MLDU1,03/24/2017 00:00 MDT,26.96,29.1,24.5,44.78,32.36,03/24/2017,00:00 MDT
4101,MLDU1,03/25/2017 00:00 MDT,39.92,29.2,24.4,33.26,25.34,03/25/2017,00:00 MDT
4125,MLDU1,03/26/2017 00:00 MDT,25.16,29.5,24.9,51.62,23.0,03/26/2017,00:00 MDT
4149,MLDU1,03/27/2017 00:00 MDT,31.1,29.7,24.9,38.84,24.44,03/27/2017,00:00 MDT
4173,MLDU1,03/28/2017 00:00 MDT,28.04,30.4,25.9,42.8,22.46,03/28/2017,00:00 MDT
4197,MLDU1,03/29/2017 00:00 MDT,25.88,30.6,25.9,37.58,27.68,03/29/2017,00:00 MDT
4221,MLDU1,03/30/2017 00:00 MDT,35.78,30.7,25.9,39.2,25.16,03/30/2017,00:00 MDT
4245,MLDU1,03/31/2017 00:00 MDT,31.64,30.9,26.2,45.86,24.8,03/31/2017,00:00 MDT
4269,MLDU1,04/01/2017 00:00 MDT,30.02,31.0,26.3,45.32,30.92,04/01/2017,00:00 MDT
4293,MLDU1,04/02/2017 00:00 MDT,34.52,31.1,26.3,40.1,29.12,04/02/2017,00:00 MDT
4317,MLDU1,04/03/2017 00:00 MDT,28.94,31.2,26.4,48.38,26.96,04/03/2017,00:00 MDT
4341,MLDU1,04/04/2017 00:00 MDT,23.54,31.2,26.7,34.7,27.68,04/04/2017,00:00 MDT
4365,MLDU1,04/05/2017 00:00 MDT,22.1,31.2,26.6,37.04,21.38,04/05/2017,00:00 MDT
4389,MLDU1,04/06/2017 00:00 MDT,35.78,31.3,26.6,32.36,16.88,04/06/2017,00:00 MDT
4413,MLDU1,04/07/2017 00:00 MDT,43.5,31.4,26.4,44.6,22.64,04/07/2017,00:00 MDT
4437,MLDU1,04/08/2017 00:00 MDT,41.72,31.3,26.0,53.06,37.76,04/08/2017,00:00 MDT
4461,MLDU1,04/09/2017 00:00 MDT,22.1,32.3,27.2,45.5,40.64,04/09/2017,00:00 MDT
4485,MLDU1,04/10/2017 00:00 MDT,16.88,33.4,28.0,41.54,21.2,04/10/2017,00:00 MDT
4509,MLDU1,04/11/2017 00:00 MDT,33.98,33.5,28.0,28.76,16.52,04/11/2017,00:00 MDT
4532,MLDU1,04/12/2017 00:00 MDT,39.2,33.5,28.0,40.82,18.14,04/12/2017,00:00 MDT
4556,MLDU1,04/13/2017 00:00 MDT,45.68,33.6,27.7,46.76,33.44,04/13/2017,00:00 MDT
4580,MLDU1,04/14/2017 00:00 MDT,28.22,33.6,27.0,54.86,35.6,04/14/2017,00:00 MDT
4604,MLDU1,04/15/2017 00:00 MDT,26.06,33.5,26.1,55.04,27.32,04/15/2017,00:00 MDT
4628,MLDU1,04/16/2017 00:00 MDT,34.2,33.6,25.9,39.56,24.8,04/16/2017,00:00 MDT
4652,MLDU1,04/17/2017 00:00 MDT,45.14,33.6,25.3,42.8,21.38,04/17/2017,00:00 MDT
4676,MLDU1,04/18/2017 00:00 MDT,40.46,33.6,24.3,53.06,34.52,04/18/2017,00:00 MDT
4700,MLDU1,04/19/2017 00:00 MDT,30.74,33.9,24.1,50.18,39.56,04/19/2017,00:00 MDT
4724,MLDU1,04/20/2017 00:00 MDT,34.34,34.3,23.9,48.02,29.48,04/20/2017,00:00 MDT
4748,MLDU1,04/21/2017 00:00 MDT,26.96,34.8,24.6,42.8,30.02,04/21/2017,00:00 MDT
4772,MLDU1,04/22/2017 00:00 MDT,26.1,35.2,24.8,45.14,25.7,04/22/2017,00:00 MDT
4796,MLDU1,04/23/2017 00:00 MDT,42.44,35.3,24.9,36.86,23.72,04/23/2017,00:00 MDT
4820,MLDU1,04/24/2017 00:00 MDT,36.68,35.3,24.6,50.9,22.28,04/24/2017,00:00 MDT
4843,MLDU1,04/25/2017 00:00 MDT,27.68,35.8,25.1,50.9,35.6,04/25/2017,00:00 MDT
4866,MLDU1,04/26/2017 00:00 MDT,28.4,36.9,26.1,40.46,27.68,04/26/2017,00:00 MDT
4890,MLDU1,04/27/2017 00:00 MDT,31.3,37.1,26.5,34.16,26.06,04/27/2017,00:00 MDT
4914,MLDU1,04/28/2017 00:00 MDT,22.6,38.0,27.5,34.88,27.14,04/28/2017,00:00 MDT
4938,MLDU1,04/29/2017 00:00 MDT,21.92,38.4,28.0,29.3,20.84,04/29/2017,00:00 MDT
4962,MLDU1,04/30/2017 00:00 MDT,28.4,38.5,28.4,29.48,17.6,04/30/2017,00:00 MDT
4986,MLDU1,05/01/2017 00:00 MDT,33.26,38.6,28.4,38.66,18.86,05/01/2017,00:00 MDT
5010,MLDU1,05/02/2017 00:00 MDT,38.3,38.6,28.2,44.06,27.32,05/02/2017,00:00 MDT
5034,MLDU1,05/03/2017 00:00 MDT,34.34,38.7,27.9,43.16,33.08,05/03/2017,00:00 MDT
5058,MLDU1,05/04/2017 00:00 MDT,41.54,38.7,27.2,44.96,32.36,05/04/2017,00:00 MDT
5082,MLDU1,05/05/2017 00:00 MDT,48.74,38.8,26.4,51.08,33.08,05/05/2017,00:00 MDT
5106,MLDU1,05/06/2017 00:00 MDT,55.22,38.8,25.3,61.88,41.54,05/06/2017,00:00 MDT
5130,MLDU1,05/07/2017 00:00 MDT,45.9,38.8,24.0,65.48,49.64,05/07/2017,00:00 MDT
5154,MLDU1,05/08/2017 00:00 MDT,46.4,38.8,22.5,60.26,41.18,05/08/2017,00:00 MDT
5178,MLDU1,05/09/2017 00:00 MDT,41.54,38.9,21.4,59.0,43.16,05/09/2017,00:00 MDT
5202,MLDU1,05/10/2017 00:00 MDT,44.78,38.9,20.3,55.04,39.92,05/10/2017,00:00 MDT
5225,MLDU1,05/11/2017 00:00 MDT,45.1,38.9,18.9,56.3,40.46,05/11/2017,00:00 MDT
5249,MLDU1,05/12/2017 00:00 MDT,51.44,39.0,17.2,56.3,39.74,05/12/2017,00:00 MDT
5273,MLDU1,05/13/2017 00:00 MDT,48.38,39.2,15.2,60.62,44.24,05/13/2017,00:00 MDT
5297,MLDU1,05/14/2017 00:00 MDT,32.72,38.9,14.3,61.88,39.56,05/14/2017,00:00 MDT
5321,MLDU1,05/15/2017 00:00 MDT,46.58,39.1,13.0,44.96,31.64,05/15/2017,00:00 MDT
5345,MLDU1,05/16/2017 00:00 MDT,34.88,39.0,11.9,53.24,31.1,05/16/2017,00:00 MDT
5369,MLDU1,05/17/2017 00:00 MDT,36.68,39.2,11.3,52.88,33.8,05/17/2017,00:00 MDT
5393,MLDU1,05/18/2017 00:00 MDT,19.22,39.3,12.1,43.16,32.36,05/18/2017,00:00 MDT
5417,MLDU1,05/19/2017 00:00 MDT,26.96,39.7,12.3,35.24,18.86,05/19/2017,00:00 MDT
5441,MLDU1,05/20/2017 00:00 MDT,32.36,39.7,12.3,33.44,17.6,05/20/2017,00:00 MDT
5465,MLDU1,05/21/2017 00:00 MDT,41.18,39.8,12.0,42.26,26.06,05/21/2017,00:00 MDT
5489,MLDU1,05/22/2017 00:00 MDT,39.7,39.9,11.6,50.0,31.1,05/22/2017,00:00 MDT
5513,MLDU1,05/23/2017 00:00 MDT,45.7,40.0,10.6,46.94,34.16,05/23/2017,00:00 MDT
5536,MLDU1,05/24/2017 00:00 MDT,50.5,40.1,8.7,54.68,38.12,05/24/2017,00:00 MDT
5560,MLDU1,05/25/2017 00:00 MDT,52.9,40.3,6.7,,,05/25/2017,00:00 MDT
5584,MLDU1,05/26/2017 00:00 MDT,40.8,40.2,5.0,,,05/26/2017,00:00 MDT
5608,MLDU1,05/27/2017 00:00 MDT,36.0,40.1,3.9,,,05/27/2017,00:00 MDT
5632,MLDU1,05/28/2017 00:00 MDT,41.7,40.3,2.8,,,05/28/2017,00:00 MDT
5656,MLDU1,05/29/2017 00:00 MDT,43.9,40.4,1.8,,,05/29/2017,00:00 MDT
5680,MLDU1,05/30/2017 00:00 MDT,50.0,40.5,1.1,59.9,39.38,05/30/2017,00:00 MDT
5704,MLDU1,05/31/2017 00:00 MDT,55.58,40.7,0.6,63.86,43.16,05/31/2017,00:00 MDT
5728,MLDU1,06/01/2017 00:00 MDT,53.6,41.1,0.3,65.12,47.48,06/01/2017,00:00 MDT
