slope,aspect,avy_elevat
34.22575,45.54170,2595.87646
31.88675,169.58725,2740.35718
32.92081,114.66229,2782.27637
44.27121,19.23148,2583.54126
36.45871,353.02026,2583.60693
22.16785,50.06602,2454.00903
26.44122,299.13763,3135.97632
44.49792,97.74413,3109.82617
20.88771,251.08237,3151.57935
40.89746,84.76679,3052.39062
26.28470,27.17932,3233.14648
24.15541,207.18211,2285.59375
36.94823,35.32490,2948.52441
20.62518,288.86356,3049.29150
20.62518,288.86356,3049.29150
35.29646,280.46393,3149.96997
29.53849,57.17752,2764.00635
27.10309,140.59360,2295.39624
32.78907,261.99310,3307.13013
16.54148,57.80178,2441.70923
17.33391,211.29309,3464.04272
43.58327,305.58698,3463.40381
37.79539,300.45081,3348.84937
13.32873,52.76530,2766.49951
6.78552,287.46106,2890.07471
15.71047,42.07593,2568.22681
16.97324,51.37957,2172.61768
22.74337,29.96875,2994.64233
3.00705,212.06575,2605.09253
26.51855,227.52570,2818.00952
16.54148,57.80178,2441.70923
37.77808,345.39355,2703.83813
55.57572,48.13885,3274.13257
40.40327,358.15964,3291.13452
13.52251,32.11752,2914.96143
41.21843,86.23942,2906.74609
3.91594,322.74161,3006.15479
13.77674,303.58014,3036.20679
28.54645,289.26733,2797.00977
20.36488,298.56912,2724.17993
33.69117,19.38708,2369.01562
17.94329,245.86417,2943.26855
26.42680,6.65360,2708.50903
24.26389,2.24413,2346.39307
42.24227,322.26443,2969.55835
14.23485,145.69154,2146.19678
23.12011,181.00861,2888.23340
24.75348,257.58435,2780.42358
27.74862,335.01105,2740.63086
27.96554,55.80302,3050.14868
26.80085,43.64977,2995.80249
32.61384,357.93195,2544.43506
44.78648,144.25760,3313.83545
22.03355,160.94167,3053.74243
36.61607,265.66119,3169.53467
23.23687,330.41867,2999.33203
4.99526,13.25928,2858.56592
16.72011,329.14838,2484.66113
26.26383,20.59656,2845.35986
27.21264,248.51135,2733.26416
32.15867,150.19191,3212.18384
42.58970,28.52417,3221.85059
32.63360,11.52960,3229.23877
44.70414,44.01929,3075.75928
20.24573,105.76704,3081.53320
40.19424,48.45523,2883.74854
11.24279,217.17142,3068.81470
26.17506,70.16032,2980.42480
34.65248,41.76248,2596.72144
28.31019,317.34656,2429.96777
24.42698,282.79181,2664.62378
15.26246,211.14423,2547.73291
14.39410,217.50595,2297.67725
22.82341,289.73373,2890.27148
27.76741,203.86633,2636.66089
5.00154,261.71124,2329.93970
37.03029,183.34671,2877.51367
1.12811,141.81068,2508.19653
3.86689,212.33540,2595.20337
14.80718,310.79657,2155.20532
11.79520,59.31008,2855.98975
48.21450,337.08893,2921.19434
37.54012,265.77017,2768.21631
57.54110,305.00287,3260.14819
26.80438,346.38232,3228.41309
14.85640,160.56029,2945.28247
10.45220,29.36183,2552.37769
31.80889,78.63792,2890.36523
39.67346,47.80012,2858.80005
27.96065,76.67130,2467.67944
25.39873,50.80233,2607.78174
20.21692,297.98926,2729.83716
9.87053,315.54764,2319.39233
31.88519,260.50098,2816.81787
46.21292,354.82529,3139.61719
20.34134,308.15387,2272.39014
39.61765,223.32423,3278.47510
31.90419,160.80234,3043.68188
36.61134,160.71307,2959.33374
32.37470,156.56770,2410.72534
35.36330,325.68958,3169.93140
30.39963,248.55826,3035.91235
29.18239,319.31097,3172.38867
52.91467,44.93235,2237.37769
27.20783,289.79242,2594.66724
26.62773,177.23672,2860.39673
7.50843,125.55482,2899.53101
26.38348,227.59067,2680.77905
27.14809,25.67077,3003.20874
35.35751,306.08295,2909.65625
38.34580,77.83765,2514.08179
32.90261,231.52524,3193.93481
3.50114,304.69278,2828.98901
31.83653,60.40208,2948.59644
19.98372,66.20329,2484.49902
36.76490,27.59731,2641.03223
36.31052,235.55522,2848.66553
27.73530,8.66800,3062.94897
37.27331,45.05013,3085.84595
44.85101,66.97202,2990.67920
26.52747,96.02279,2644.24072
31.33691,85.58535,2536.40063
31.96843,66.16573,2439.59448
25.53605,89.29884,2367.83130
16.12006,315.91278,2092.42773
12.55631,270.30423,3358.38354
25.17831,84.11194,2844.14990
32.83708,316.96573,2731.65381
5.12952,48.14575,2661.78662
22.44313,279.18713,2824.33179
27.20786,284.75607,2709.75342
4.48415,284.16751,2670.83179
17.49144,351.94379,2350.58154
13.11503,61.37649,2090.21045
29.95128,338.05264,3225.27490
45.55096,5.22604,2481.69629
38.64722,331.90961,3102.39404
13.03735,163.89594,1961.65930
17.68553,194.26721,1839.28601
35.63705,159.55788,1917.79724
21.33010,117.24711,2862.58350
35.35038,105.59953,2296.65112
30.69260,91.19981,2192.22363
32.91537,56.46124,2537.98633
34.61114,104.10804,3060.31860
31.86612,299.22385,3014.38647
31.58545,305.64090,2870.86597
32.67020,37.37584,2944.46802
38.76419,63.70638,2876.99292
2.66944,36.51890,2101.09448
27.95099,53.99466,3135.11475
32.89014,0.79755,3338.22949
25.61489,297.31305,3259.77393
42.30051,236.86736,3254.43359
10.40004,254.70261,3295.25952
27.50770,98.95366,3035.05151
17.12620,66.80544,2522.93091
2.92176,232.19620,2217.55566
26.17172,335.07095,3032.24829
35.96370,192.85219,3094.87891
10.62949,177.30952,2928.88232
37.20775,87.87679,2989.58374
16.09204,270.20032,3096.20410
2.73188,330.38275,2912.87793
10.38300,111.91284,3013.99805
41.95852,228.24611,2842.61890
30.29395,24.17593,3402.40942
10.46345,151.30688,2645.19849
23.31673,175.48837,2845.17285
17.41711,247.54333,3270.40063
43.89380,315.95172,3082.13330
53.38902,6.63267,2867.78247
39.16499,312.55225,2107.32690
12.48917,171.49994,2515.33179
30.17557,46.59235,2978.72290
11.17630,190.38449,2293.16504
25.24989,151.69572,2526.30518
26.66862,272.10358,3319.24243
37.32154,355.65314,2873.38525
18.14521,108.81467,1870.36548
12.70388,116.59295,2523.80298
14.16375,138.52899,1731.07336
21.57490,0.25931,3220.58423
31.17643,22.05607,3210.17310
31.61528,57.68208,2845.97900
26.36325,276.04407,2632.93750
32.91751,115.44522,2395.12402
33.77836,201.32159,3058.17944
28.19754,268.87769,3237.56641
26.53368,90.71594,2856.82227
15.69753,13.36076,1821.22461
39.47389,60.44524,2524.46851
42.14199,15.98409,3214.94336
52.90382,274.19153,3128.81836
41.33702,345.36429,2719.10938
22.29784,287.02496,3130.25757
11.05619,30.88700,2847.13794
38.91789,181.97021,3049.90967
45.25507,76.51236,3034.94556
22.55042,174.64038,2923.45117
41.46689,10.00049,3073.30249
42.58353,348.13177,3070.80444
39.54113,325.70737,3086.39014
40.86877,315.00522,3102.15283
39.88529,346.73431,2980.14771
38.28782,103.27599,3070.90918
43.10702,146.88774,3022.98804
40.72674,231.56186,2951.02271
40.87436,31.38990,2960.84839
35.92973,310.29828,3075.31055
12.42486,74.65755,3061.91992
40.46928,343.47083,2553.29297
31.87862,68.39717,3049.74463
20.79237,219.23141,2923.98120
31.14759,202.78188,3130.17358
13.84858,155.57202,3136.51196
36.56956,269.55466,3036.04810
32.31819,289.51379,3053.93335
27.56586,324.88239,2831.27124
27.26643,79.76411,2819.84839
33.02547,41.41787,2889.95483
14.71154,16.79140,2651.24097
25.04080,135.37155,2884.09131
40.00450,141.36679,3097.90186
39.34943,321.30960,2122.26685
30.31586,68.53860,3047.41357
6.24058,143.14928,2199.29419
33.23160,29.45859,2716.68872
38.05534,35.47275,2868.52881
16.67633,21.97323,2690.93774
20.62518,288.86356,3049.29150
34.32846,191.57481,3314.40869
64.07841,352.02887,3211.68115
5.41895,322.54489,1510.60547
7.55831,248.65361,1642.31396
22.85126,26.22558,2758.63135
35.62507,331.99445,2337.55908
37.79560,39.77826,2939.35205
31.13621,53.53290,2924.33203
4.09177,20.98695,2859.80005
9.56102,80.68967,2669.45044
13.90953,353.00702,2992.18604
39.58983,352.37701,2801.52100
41.72673,357.73169,2453.34741
37.25766,33.86004,2861.84888
31.34452,344.17813,3088.49121
30.51556,300.45880,2542.86938
37.49430,82.01616,2947.27466
43.17636,55.22456,3227.71191
28.65720,286.03159,2994.87524
3.24696,238.04909,2845.81616
12.93919,272.19305,2841.60522
47.95969,106.70417,3324.51489
32.28900,77.60326,2851.75684
22.40400,210.04507,3356.61938
20.66989,244.70660,2167.25952
31.03869,299.29105,2267.59546
11.79353,172.26479,2417.26074
15.91153,108.47579,2574.26831
36.76077,336.36383,1844.67566
35.68507,194.06094,1799.64392
27.20289,176.24132,2894.78320
12.81241,70.85322,2768.01001
40.19070,75.75380,2915.75317
32.36398,74.96828,2938.83862
7.35724,167.27271,2311.96948
36.59894,278.83676,2817.95654
29.35561,101.65952,3106.74072
31.14239,137.76955,2893.02222
22.76563,276.34558,2995.64502
38.25111,54.14821,2977.90308
26.15863,307.95813,3036.26929
28.30848,76.33945,3143.63770
26.28470,27.17932,3233.14648
37.98009,46.74785,3305.16699
36.93255,78.60828,2802.58350
38.62474,66.93731,3321.98413
11.83066,165.19958,2377.71387
41.50877,173.12373,3089.40918
36.25348,13.32001,2966.37207
21.97702,151.29706,2163.18750
30.08433,144.91263,2930.81348
30.38809,286.00876,3209.91479
36.23267,332.93134,2916.42285
24.40954,53.12177,3048.24048
21.36838,125.86497,3027.16577
36.69636,35.74687,2684.49731
27.70840,94.82716,2758.40332
38.02688,178.44312,2624.33569
25.14603,131.96414,2218.99976
25.71845,103.43494,2224.54834
17.63369,147.90884,2020.48645
35.00742,41.71788,3121.18213
31.10854,160.46472,3032.26025
37.53366,178.62161,3031.66748
36.61134,160.71307,2959.33374
37.39469,193.12900,2969.74658
7.64011,56.33689,3032.23022
19.90827,344.79819,2914.87573
12.46550,174.30432,1544.33533
18.57717,50.84281,2943.26611
7.67367,320.73022,2696.81177
37.45618,312.67871,3059.79175
29.50135,237.78212,3119.64111
44.19263,330.68683,3129.16821
43.38380,328.59256,3058.91333
30.85327,64.42677,3174.51782
15.71097,359.65729,3074.69336
29.52492,20.94545,2940.56616
30.68835,52.74113,2882.91211
27.99590,86.64896,2836.18115
27.37026,78.36527,2084.46655
26.30188,174.81339,3000.41089
18.19558,295.93604,2111.73340
34.36959,339.30371,2082.63281
31.78015,26.94934,3031.63867
17.12647,38.44624,3020.97510
25.73829,26.27874,2933.84839
33.93555,56.07226,2878.27124
46.72518,298.64789,3184.02417
8.26859,202.34511,2164.21094
26.82533,133.62115,2851.15649
36.76507,158.47263,3095.84570
29.03561,171.40993,2827.52661
54.97690,267.35480,3162.44678
39.69564,213.27460,3025.28516
19.45552,350.96347,2892.80566
15.01185,12.71517,2541.37866
27.41902,83.73906,2924.04834
1.02919,132.00943,2593.40942
40.12887,292.62943,2896.32373
41.19486,90.89281,2628.61304
28.46283,253.01247,3051.29688
12.41971,288.69748,3028.01147
17.31218,297.91895,3018.57349
25.65686,279.03333,2896.42114
35.81410,300.00455,3022.09985
4.58334,226.70988,2378.67700
26.46445,54.81946,2769.66309
5.19010,264.00986,2942.04346
28.34266,248.63416,3177.30151
25.43863,95.61533,2816.06226
14.44693,184.68793,1772.97253
32.63439,34.91557,2835.10645
42.69712,274.89481,3441.16455
36.44764,17.29819,2448.44897
26.10166,58.89509,2937.97217
31.33469,26.53988,3361.75537
12.03589,70.81715,2742.50293
31.26866,358.45996,3194.48950
35.21593,198.27112,2459.23364
23.35234,291.72321,3103.82007
31.32304,174.99269,2695.30518
43.94473,260.66586,2916.02783
42.72284,323.97339,2886.73950
16.08616,215.80011,3045.33374
39.02573,323.87302,2783.89893
36.93221,29.33620,2840.75146
32.54708,139.68874,3077.97095
10.01498,278.96457,2524.01074
20.73444,41.98621,3219.44116
33.16603,209.59128,2619.66602
28.89930,295.49524,2495.03662
6.97278,195.87015,2310.16724
26.25877,61.54686,2942.52954
42.24227,322.26443,2969.55835
37.20775,87.87679,2989.58374
27.08064,261.86450,3155.33569
50.98435,349.29037,2054.78931
29.38131,24.54968,2069.77393
32.83565,148.00113,3019.76758
22.59318,41.87083,2662.42505
16.92845,30.07187,3173.44507
41.59032,154.43069,2984.06421
30.87155,177.05164,2759.50269
10.91009,199.05835,2662.26807
17.97769,273.31940,2946.76172
20.01101,252.21405,2695.64551
30.68235,348.61307,2893.76929
40.18902,226.74535,2860.01953
48.60391,256.11108,3096.11084
18.55045,82.95985,2765.34937
39.06236,31.31449,3058.18286
36.52689,105.97385,2891.39331
28.71151,278.03003,3005.53662
46.01188,270.97699,2935.00391
17.53730,199.75180,3179.75757
40.73372,83.37115,2926.95947
38.49416,35.78171,2966.68140
40.90803,223.13873,2965.31445
28.68909,77.28833,2467.87622
34.13840,278.87836,2701.12866
21.94003,350.94699,2797.32153
54.59629,265.43781,3199.94385
16.54587,38.40024,3134.33325
9.92251,299.60620,2944.22021
36.93040,198.16858,3042.21069
36.49766,143.29378,2996.21826
37.96040,217.88867,3039.96606
23.59384,148.25824,1754.31738
14.36367,342.03839,2821.70117
24.73534,312.89984,3075.06714
31.46169,269.05676,3305.39844
28.31690,292.98032,3210.66235
18.04005,349.53616,2949.32764
37.07312,325.20715,3129.51807
39.41555,300.84448,3058.40039
39.41555,300.84448,3058.40039
26.16027,57.51140,3026.63110
43.72237,95.97044,3151.27222
15.57856,33.18005,2545.60938
39.06682,186.73761,2967.15259
36.13618,92.25791,3070.62524
34.54358,65.95639,2731.88696
29.07613,100.50346,3079.04346
25.78764,95.59658,3020.00049
38.28965,138.16037,3054.23071
48.46309,12.14038,2817.30981
44.59552,336.79007,2828.23633
31.55308,296.43414,2947.80908
24.35741,49.25731,2483.55029
37.85530,254.28612,3187.49048
26.59035,271.25217,2915.71606
7.47544,282.73215,2076.91284
47.45552,303.84119,3004.07739
50.09760,291.65283,2997.60181
34.55423,293.10416,2993.95044
37.11800,94.30355,2845.58057
30.45037,39.17336,2830.06104
32.58194,59.76053,2751.52759
57.65560,191.00647,2921.85645
21.84944,15.73009,2488.20386
34.27836,45.37165,2725.66919
27.81994,268.16656,2767.26807
21.46033,281.36835,3176.35718
47.62687,316.16840,3250.18530
35.55982,27.02559,2855.78320
21.30161,246.83955,2908.32129
43.17636,55.22456,3227.71191
39.24443,96.70340,3215.60327
26.14678,90.21356,2823.02979
32.98111,77.79781,2614.48926
43.90783,177.76938,3210.88428
12.48902,23.54391,2344.26929
17.20655,235.98245,2743.69531
13.69561,235.99185,2643.22437
26.10166,58.89509,2937.97217
44.30686,342.03436,3039.44165
42.56295,168.05112,2901.73730
30.38534,341.21381,2178.54980
39.71417,191.77383,3175.05737
16.09964,221.59705,3351.20874
16.01431,302.73700,2830.62842
17.96376,122.30183,2972.66504
2.92176,232.19620,2217.55566
20.00774,323.06241,3030.21045
20.58453,317.90472,3033.33667
34.37629,18.39228,2888.94067
37.29956,292.56763,3130.08374
38.60474,44.58581,2787.08179
34.56034,311.02039,3030.27808
18.04005,349.53616,2949.32764
45.84307,266.94836,2836.41187
19.99572,289.35806,2580.68750
34.59288,43.22589,2962.42993
30.90039,70.46631,3184.78296
6.22644,57.23886,3044.73071
10.50779,347.21234,2751.25464
23.85246,60.89046,2691.99121
4.10440,23.80547,2716.43018
0.11029,135.18785,2785.73291
4.91327,83.62729,3029.10107
13.67434,223.72539,3257.39038
0.34855,77.93166,2814.30396
5.12839,102.08720,2690.86230
7.62037,86.03680,3030.17993
0.36266,349.60120,2685.23730
11.95374,104.28582,2925.01758
0.11518,39.41470,2904.60645
1.89412,215.40375,2904.60645
33.82166,254.35515,3226.83643
20.97573,242.56783,3222.98999
9.89795,106.82950,2541.83472
26.54103,46.66615,3167.38281
11.83969,1.63531,2018.70813
7.32831,276.03763,2440.60840
27.80803,47.13213,2588.17212
10.40424,23.01591,2931.97388
19.68178,42.63112,2919.56348
28.35753,125.26254,2312.51733
41.45546,102.05228,2449.82935
34.38142,71.39228,2825.88257
47.63052,16.10360,3386.26050
32.41632,264.67511,3277.80933
33.82166,254.35515,3226.83643
25.72790,206.60184,3290.05493
36.88285,154.35503,2966.16187
32.06292,352.10266,2927.49536
18.04253,40.78989,2206.49536
42.25352,88.78339,2693.02002
44.41879,203.75549,2363.93091
31.45221,182.98624,2038.81580
34.16846,151.64067,3203.64453
9.65249,168.34952,1981.39917
36.93543,22.70267,3319.15771
40.17622,267.32407,3269.40625
36.38550,47.17134,3041.40210
28.58929,143.64697,2980.99268
42.24067,280.56335,3044.11890
42.59356,300.65924,3397.08032
46.49839,129.93250,2923.27832
40.39602,149.03789,2813.52173
29.18239,319.31097,3172.38867
46.15326,110.65792,3157.97095
31.65509,354.61700,3150.79956
33.93555,56.07226,2878.27124
17.46877,1.11729,2550.06787
9.55288,235.15984,2912.62915
29.93319,334.67331,2790.60425
40.12293,9.50138,2137.46094
22.98818,314.62323,2758.81274
28.36069,358.19922,2359.42505
49.75298,230.31432,3394.55542
19.28897,228.32224,3178.57715
35.08607,226.51729,3296.40894
36.92698,1.46621,2704.88354
28.57540,84.10526,2644.28394
4.33478,314.06253,2895.63647
23.87125,45.39182,3173.31787
31.65509,354.61700,3150.79956
37.97201,141.37657,3303.03101
33.32706,51.27254,2797.39453
25.17831,84.11194,2844.14990
23.29386,91.45761,2883.50513
45.79655,24.23151,2929.87451
14.69306,39.23397,2454.28223
34.34302,358.46017,3270.01392
31.40769,51.94419,3137.71484
39.20329,302.53369,2803.05566
29.97550,23.67197,2930.14575
5.29208,35.91250,2437.38306
37.64760,90.96461,3053.55664
34.43590,108.40405,3221.42432
26.44739,246.95557,2899.00342
17.19700,300.02814,2870.00439
25.77844,145.39432,3074.74390
40.23325,68.23170,2548.14697
4.67406,262.55438,1869.72339
44.49792,97.74413,3109.82617
40.19424,48.45523,2883.74854
3.53807,200.97812,3090.07471
28.94749,340.22070,3051.85498
42.15503,67.90010,2880.48145
19.91178,118.02183,3209.02026
15.25458,77.92823,2633.89111
12.92804,56.47430,2913.00488
13.62812,30.29811,2581.02173
30.34971,162.80334,2978.86133
31.79579,44.66692,2607.96997
40.63269,139.91980,2438.49731
12.00686,53.60597,2708.87866
29.78203,44.42087,2701.34180
56.60728,116.65430,2581.94409
20.05703,3.65349,2727.32324
39.58983,352.37701,2801.52100
10.88066,21.33626,2949.49463
9.06021,358.45721,2659.14062
26.36225,105.63398,2846.97974
26.45148,122.59883,2739.52856
13.92607,352.15152,2663.50952
46.40786,349.01624,2266.56128
42.27393,55.28779,2632.73779
37.95130,36.36433,2541.83154
7.95718,117.36355,3004.04102
44.12853,139.62482,2740.59570
33.61575,260.36575,2930.67261
26.82059,197.56503,2992.56323
20.13885,244.87607,2887.43726
42.10503,247.17393,2995.37646
26.19429,25.63425,2659.42969
26.07559,61.63792,3059.60205
11.77170,218.78954,2484.21216
9.63076,322.46918,2796.16162
23.20031,76.58639,2851.12988
30.18301,171.47427,2380.54224
25.04014,116.77190,2674.07251
11.49621,184.35425,2129.45605
25.50188,165.27182,2146.58105
20.02782,232.46411,1889.99805
21.67927,6.19543,2787.00464
25.59264,44.11208,2298.20654
21.47596,16.09467,1892.23413
2.45138,320.74506,3147.04321
21.51611,292.90979,2679.96802
9.49503,146.63345,1923.63025
15.73020,95.61954,2718.48853
7.67897,322.92642,2317.71899
7.82669,271.92572,2340.58960
17.12620,66.80544,2522.93091
2.92176,232.19620,2217.55566
8.58740,38.12403,2603.85083
15.54805,107.57524,2659.63574
17.97816,37.81285,2083.54712
5.88290,247.24164,1876.36816
27.87276,258.13062,3097.34741
12.33416,79.23911,2889.46094
11.10501,176.73099,2727.36987
28.82127,238.94611,2882.77490
15.96419,127.57927,2922.58521
22.56082,339.24988,2992.92480
40.47491,103.86233,3083.04175
15.33095,80.91090,2887.19580
30.79126,274.58588,3305.50317
6.51495,155.37592,2842.16870
15.42511,19.38919,2458.84277
25.64080,46.95803,2965.10767
33.81780,179.38812,2062.36499
39.42001,12.20348,2239.50366
42.07832,24.55794,2300.40308
34.53953,133.07858,3264.60327
37.00537,37.14647,2556.54932
41.31482,36.36505,2494.10205
44.77202,16.51977,3047.44702
20.89008,258.55881,3195.95972
44.30187,283.02374,3343.36914
11.59376,13.41866,3093.55298
43.62656,160.44655,2874.73926
37.04996,173.52798,2868.05322
14.61623,237.20032,3336.13672
36.27316,340.84851,2901.90479
30.12645,72.85785,2885.53760
7.23076,27.15722,2661.79175
27.29364,32.11480,2735.69702
40.05507,161.78000,3101.48755
25.59897,178.07719,2225.51196
38.71521,182.85077,2481.59082
38.25447,160.65027,2004.69763
33.83516,74.63093,2927.83057
16.29100,305.38898,2815.64331
13.93416,73.53392,2758.68506
38.40282,212.62184,2389.64453
29.88191,45.74421,2897.28955
16.78276,65.13615,2985.49561
11.84416,255.84695,2622.38232
30.68550,95.78259,2588.14209
28.85952,277.97742,3343.72900
28.62100,303.33502,2970.84668
30.28228,311.83826,3165.38501
42.90073,325.81976,2703.80493
15.33946,273.99152,1463.39209
30.73603,268.28088,3090.07227
31.71102,220.09541,3221.57812
23.56770,289.96848,3246.24683
23.97348,107.96725,2071.47607
25.90950,192.19806,2663.67871
15.85883,315.72430,2921.06226
33.22696,328.99588,2561.69312
27.31547,37.06675,2550.90283
15.68491,317.04288,2055.52100
9.15661,246.07182,1692.63635
23.54121,277.39990,2962.98755
40.58034,288.56110,3140.44360
16.65977,66.15524,3009.90967
46.86411,321.67957,3271.28345
33.62292,70.63539,2876.86865
33.82166,254.35515,3226.83643
46.92176,86.64375,2939.87793
23.28446,296.13724,2692.95215
20.50440,252.88757,2956.70703
10.43956,1.77808,2754.21851
32.37261,43.51560,2772.15186
54.50494,318.38565,3199.71484
56.18689,352.46173,3248.81421
39.77061,357.57343,3080.56396
18.77874,207.45801,2216.01074
29.79116,88.47543,2740.90283
22.31715,341.71515,2803.11523
50.16314,81.11606,3352.28979
52.85671,351.34109,3391.04297
38.60002,52.36460,3357.73218
56.36953,39.02667,3373.73096
31.76764,57.88852,2263.32227
42.58785,352.56589,3135.99390
48.86027,300.73743,3302.47095
48.92096,340.15927,3157.99731
39.20329,302.53369,2803.05566
34.06831,16.98127,3157.62622
37.63296,64.68208,2931.69604
34.77860,195.60663,2255.40845
41.53209,351.55258,3052.66235
23.29320,178.61542,2310.05688
39.90087,22.19540,3355.24414
37.47562,350.50565,3117.92603
8.86472,28.24945,2889.84888
37.28954,16.04202,2316.85815
10.33839,91.43970,2569.07959
34.02080,225.93672,3411.42212
16.24152,271.58807,3339.64722
36.10089,90.32119,3168.72363
37.16757,63.68759,3171.30615
26.76626,322.64688,3069.04224
29.88191,45.74421,2897.28955
31.43954,16.43271,2908.32788
33.23160,29.45859,2716.68872
33.23160,29.45859,2716.68872
30.22056,75.77722,2997.13745
3.19227,44.45860,2125.80835
19.53693,221.83922,3009.66016
16.67634,288.20255,2863.53955
16.92845,30.07187,3173.44507
26.47114,331.34100,3039.87524
25.00109,345.88290,2727.64038
12.34690,257.72232,3060.96924
8.06214,250.21199,3061.46069
21.05395,236.24194,3068.96045
46.18933,273.97266,3032.33276
23.75995,296.21982,3082.85840
30.39341,286.34344,3097.52295
26.18549,232.95767,3123.00342
26.28886,232.82635,3139.45288
35.76775,257.15198,3144.16040
26.52308,232.53833,3158.81714
31.32732,302.84973,3191.45703
48.60855,293.24210,3198.25244
33.23785,326.69421,3260.46094
45.27875,252.37001,3247.97583
37.87140,206.85341,3287.77881
13.63362,309.93921,3339.77148
33.09487,279.83713,3311.98755
28.36309,315.95587,2843.90356
34.34489,291.01108,2827.95752
13.26352,5.36993,2194.29468
22.73475,234.75807,2299.59106
16.37744,286.49182,2310.77344
24.81214,217.60275,2439.03882
5.95755,227.25819,2455.82886
19.34851,265.10495,2444.65381
13.90712,229.96225,2454.81323
36.74846,260.63248,2519.45288
27.55453,228.08626,2552.64087
12.10743,252.07845,2566.59717
13.44475,280.03503,2567.55566
34.47170,284.30164,2575.07715
22.65707,288.46652,2612.89014
12.70146,331.75128,2617.14429
37.57695,275.22055,2459.66553
11.55884,297.57208,2668.01196
14.32917,302.18567,2669.83667
6.55400,298.55609,2696.55420
12.86619,271.83405,2702.60449
19.72253,319.22125,2702.42993
4.46837,213.94598,2723.89868
8.77639,243.17496,2739.84229
19.09040,269.42517,2749.08447
16.97497,311.21170,2738.11450
24.54035,272.64716,2803.00171
23.86872,260.46851,2815.29272
8.89381,239.11864,2857.95605
17.62381,279.60248,2854.61377
17.65865,298.57416,2852.48242
14.61672,357.05334,2893.35840
29.77110,270.11444,2869.27783
20.06010,270.84314,2888.36792
3.69514,242.95863,2892.63623
19.99333,271.13721,2923.80225
21.92345,338.22467,2936.09766
40.15834,272.24057,2907.49756
14.63598,261.60028,2968.53613
15.10325,283.70166,2959.98047
21.78065,276.29419,2963.75781
7.62602,314.90009,2992.98608
54.97337,290.32550,2918.45264
32.30151,266.92627,2998.34668
36.72306,235.34915,2980.33594
12.94687,303.97141,3023.92749
25.09624,246.59329,3017.55859
30.69230,35.26511,2800.79688
0.71465,230.86636,3209.29419
31.64647,74.82774,2882.41040
28.96662,302.17593,2753.56958
35.07035,359.17389,2595.55225
21.28270,9.64243,3197.88794
25.80463,330.32220,2861.56885
18.69436,12.77774,3210.57446
42.59356,300.65924,3397.08032
24.17533,198.48953,2923.20630
23.36658,27.37685,2969.99951
23.36658,27.37685,2969.99951
43.90783,177.76938,3210.88428
24.78426,220.22334,3004.33081
28.94949,48.88452,2629.67578
30.55940,277.71854,2808.14233
30.96727,237.74741,3097.07031
13.14621,348.28168,2861.81104
32.09985,336.96497,3119.49731
30.06961,282.46970,3161.86914
26.16616,332.33865,3051.75732
39.19163,16.33784,3078.07544
12.77566,345.45721,3105.40259
51.98978,329.37982,3346.24634
12.77326,98.89546,2877.45825
22.43531,165.81355,3160.62891
55.54308,350.44141,3299.69873
23.26848,300.19153,3217.88745
28.86451,66.04439,2799.11255
18.52604,263.60141,2317.30396
26.17172,335.07095,3032.24829
41.42173,261.12079,3083.99658
19.62442,193.01714,2876.28101
29.95719,95.81252,2489.76196
16.14771,10.10690,2016.19702
4.60347,157.20547,2843.44580
6.15286,213.51047,1816.80872
10.03802,298.50543,2503.76904
16.67793,74.61770,2399.63745
23.27771,205.47357,3346.56421
34.56745,16.94295,2785.20264
27.62385,328.96283,2839.60547
32.15862,355.46625,2712.58472
28.93549,256.43301,2965.34888
17.24367,267.24988,2980.89282
11.27017,312.87366,2999.37866
37.31844,355.45480,2349.91675
37.31844,355.45480,2349.91675
6.43973,172.47063,1667.61511
31.93866,289.00296,2980.27612
13.72098,194.80716,1849.36877
26.18707,344.01767,3231.69775
31.49386,240.47612,3119.18066
27.47087,295.77850,2938.72754
20.23667,160.09422,2494.27661
28.45184,348.08832,2762.99731
18.90289,339.73682,2930.42969
30.34711,98.76051,2997.77124
21.27806,188.99536,3202.77368
33.11216,311.59833,3137.91968
47.88416,282.32007,2969.48975
25.37596,39.12464,2757.77637
49.41417,11.29202,3289.01685
32.61470,147.98865,1893.03735
13.35480,156.12521,1630.11841
33.27991,328.91745,2817.17383
26.26383,20.59656,2845.35986
40.06814,31.69842,2939.37256
31.66802,316.15115,3339.63354
30.85456,312.02539,3200.35791
36.18785,70.90760,2906.96313
16.85945,91.03789,2761.52905
17.34484,49.31932,2571.75220
42.15831,359.09509,2336.34326
29.40949,45.83914,2638.03662
3.79656,114.17767,2446.61816
1.21429,58.69281,2934.33423
0.82294,31.88273,3055.57642
19.53893,16.50469,2867.67725
24.34975,61.75565,2755.55005
32.67684,49.19375,2883.84961
16.27202,95.53103,2958.16235
41.53909,68.12136,2863.30664
19.95290,82.73503,2962.17065
37.56130,267.26147,3427.44043
37.56130,267.26147,3427.44043
46.86411,321.67957,3271.28345
51.94014,256.56689,3010.11475
38.60752,158.14139,2637.80322
2.46453,87.63483,2219.40405
16.64474,316.37543,2761.91968
32.51700,194.95950,2336.28564
6.15489,173.60115,2218.03516
19.46310,206.88184,2860.59937
45.53920,168.26088,2418.83057
29.31015,112.98305,2722.20068
24.50167,75.72454,2815.65894
25.86146,214.61108,3015.42847
37.95274,325.10724,3230.78027
25.65501,42.05864,2817.26123
38.41854,105.57951,2278.72217
23.39368,114.95133,2529.28101
32.51542,313.22919,2701.94507
32.02740,348.88992,2384.02344
4.81755,250.06148,3190.25952
35.62507,331.99445,2337.55908
13.37626,84.97945,2904.69678
30.84564,356.59790,3215.87036
42.54214,18.69797,3193.09375
29.55376,344.90024,3094.58301
24.57907,79.80811,2776.80762
16.94081,73.21858,3181.33594
4.55665,211.71597,2781.58691
20.72136,296.03937,2662.48633
42.73679,32.96931,3090.46973
38.72493,37.56247,2877.12256
25.43928,288.36847,2408.10254
37.20515,271.76587,3035.76440
22.94692,15.91445,2908.84399
30.81681,353.74417,2769.78125
15.92255,321.80127,2831.63550
34.81483,80.88370,3014.87646
24.37381,345.38666,2892.84082
29.83754,139.72246,1914.35498
30.79181,287.03479,3152.33081
5.93247,11.16853,2482.97803
7.96052,52.89275,2739.27930
20.10552,247.22673,2983.85181
24.69876,356.11523,2438.01685
21.64688,358.62625,2682.37524
36.64511,325.55884,3047.91064
40.87436,31.38990,2960.84839
27.90685,16.98332,2747.93848
42.29464,300.02960,3034.10938
10.48771,1.35518,2851.83862
21.64688,358.62625,2682.37524
26.48392,0.67439,2796.87451
29.97550,23.67197,2930.14575
8.28178,232.78122,2518.21533
24.58602,309.61810,2655.44751
10.80606,292.27856,3163.18433
5.58630,263.32895,3158.14185
24.48850,324.17682,3184.06567
40.26458,55.65322,3154.69287
26.31926,70.08058,3180.51660
13.25422,261.70331,3183.79028
26.00974,351.09320,2887.08618
24.13511,358.55084,3048.79102
26.87025,54.30909,2964.65991
27.60165,39.61752,2031.59814
35.62507,331.99445,2337.55908
38.63286,279.54233,3034.24561
8.88103,111.57350,2416.27930
42.69712,274.89481,3441.16455
22.22507,186.64206,3371.60693
21.14353,75.79169,2585.92236
10.09676,2.63738,2458.72021
42.13863,10.46025,2958.45288
6.70818,206.38713,2352.03833
22.59307,347.60754,3225.21753
39.46913,133.37511,3206.10547
4.15500,86.64367,3021.82300
36.95029,206.23941,3260.77295
0.11507,126.23331,2657.71533
38.83442,75.19881,2796.76782
3.08290,59.50605,2739.61499
0.08652,71.02959,2836.02563
0.47249,337.40399,2282.74780
1.19112,69.96646,2775.18384
18.99755,193.04382,3368.86572
26.58577,25.45790,2605.48242
23.55955,75.22346,2790.14404
22.84294,173.50986,3130.19507
20.81576,92.90614,3149.32959
24.23233,98.92464,3381.69165
11.22290,316.32141,2811.48853
16.60079,141.63394,2989.19629
61.66695,217.85143,2899.31494
22.49856,259.72580,2648.27222
28.05210,103.74785,2759.21094
30.75474,293.65717,3152.47119
31.76941,259.40881,3086.23755
41.75029,170.09500,2966.37622
21.01562,39.19556,2471.23535
37.40491,333.96478,3091.39795
23.64619,102.31052,3100.02637
13.76071,162.54607,3067.01733
29.77169,191.80121,2648.49902
35.44723,57.89517,2897.47900
55.53179,284.85590,3063.64307
9.24780,159.27155,2468.17139
32.83708,316.96573,2731.65381
12.16939,7.53094,2521.49829
10.12538,255.32858,2839.31055
4.91082,22.25678,2461.02661
6.04645,264.15033,2491.77368
4.23779,7.89634,2475.05420
22.31715,341.71515,2803.11523
35.81739,130.82285,2798.78223
42.13387,172.56253,3267.26001
20.22549,184.46642,3084.32373
34.43590,108.40405,3221.42432
27.82795,312.17334,3011.36523
32.90428,88.92542,2941.15845
26.51855,227.52570,2818.00952
38.57109,159.19962,2757.90308
35.11982,79.59341,2893.93140
52.91561,130.90073,3312.88940
26.02992,257.70929,3219.41138
42.52927,28.34633,2857.95215
16.45313,338.50632,3043.98364
21.90864,284.23932,2975.03760
22.02498,81.16441,2346.15186
2.95672,348.74930,2240.08618
12.15291,141.26509,2981.64307
25.26691,66.40589,2708.79395
37.95262,47.02699,2963.96948
19.69860,270.32141,3064.29468
36.71584,352.50549,2297.70337
36.11337,35.17983,2899.56885
13.47280,166.72263,1764.33618
26.24015,64.58498,2698.21265
34.51530,276.52344,2869.04248
34.83981,57.73927,1773.40967
13.72098,194.80716,1849.36877
7.72794,264.88678,2166.55615
40.68750,3.82161,3177.05127
43.71770,325.19586,2223.57886
51.07198,150.44710,3072.01367
18.56241,348.18933,3207.24902
25.38457,272.48935,3345.32397
40.87436,31.38990,2960.84839
27.01295,334.00336,3046.27930
2.63849,298.65741,2615.41870
31.69773,159.86330,3169.35547
23.19416,221.89610,2874.16284
32.08640,237.62184,2999.88770
11.80251,228.04381,2864.70435
18.68334,294.44934,2744.44312
23.66748,87.61376,2299.62817
34.02080,225.93672,3411.42212
36.21290,249.02943,3201.86011
34.91342,355.54794,3180.12769
5.76904,290.06549,2734.65967
20.04864,230.25876,3347.46851
44.30187,283.02374,3343.36914
15.80328,133.43979,2568.91138
14.80211,244.62119,3177.59131
45.70443,305.07428,3156.71460
47.50978,103.16363,2640.20239
9.62880,162.97549,2195.87646
20.27862,157.15953,2224.92017
37.60416,214.01196,2699.20117
29.17845,93.30488,3000.33618
42.63337,8.20945,3072.13623
47.15886,257.62427,3195.20703
19.47757,290.40839,2883.38306
20.99744,152.34531,2852.62207
18.14516,182.99945,1841.20020
10.35615,131.17802,3061.83008
21.74999,39.33687,2050.70947
27.10938,271.58356,2619.19458
13.11543,71.43109,2535.84155
7.41485,299.50555,2849.12646
35.27700,253.01053,3198.99585
48.20335,3.78100,3321.85205
25.20569,344.26645,2808.30273
31.88241,66.30464,3080.91357
35.07462,267.57172,2814.18848
26.92549,344.23163,2870.95483
7.78521,33.87162,3225.51367
59.32275,93.07254,3274.24878
31.28555,240.27333,2711.67554
37.30476,307.17548,3108.81714
16.08676,132.06261,3009.59595
40.30286,140.23705,2833.13989
35.27700,253.01053,3198.99585
28.76260,20.90761,2786.44678
30.84564,356.59790,3215.87036
48.76539,225.32822,3315.47827
43.17636,55.22456,3227.71191
10.12538,255.32858,2839.31055
49.09015,59.31091,3132.69458
20.89008,258.55881,3195.95972
17.93506,43.57983,2945.46753
37.21814,51.63620,2969.57983
35.88071,39.49427,3419.60083
47.05959,337.48535,3182.64844
26.28470,27.17932,3233.14648
19.36425,108.89165,3042.46851
16.24152,271.58807,3339.64722
47.70158,239.34009,3094.56616
41.39835,96.16569,2608.39551
30.49598,293.73840,2796.41235
5.98911,73.11983,2915.64404
37.27303,27.88999,3401.67749
35.57770,11.11750,3408.64575
31.84478,116.93935,3003.87915
33.80521,351.38269,2375.22021
15.82161,323.46704,1656.59119
38.01020,26.71590,2480.18506
40.22637,45.80440,3023.62866
26.61766,28.54311,2847.47778
22.54716,304.91681,3196.97607
29.28168,263.09180,3346.23022
49.84329,288.86249,3328.11938
29.66926,331.68369,3163.66406
36.06229,257.01346,3272.02100
0.98681,142.54817,1940.24683
38.48326,348.69656,2741.96240
26.94339,246.69307,3202.43994
28.63064,6.26084,3335.16602
44.94160,62.77446,2796.83105
32.65809,331.03354,3043.52856
32.75433,153.49059,1924.25134
29.88615,261.06073,2458.22192
21.13113,137.48256,3049.26196
41.02409,133.87978,3083.36743
33.20289,126.84309,3123.26367
25.94769,346.15201,2731.36377
34.29658,114.87985,2883.55640
12.83233,266.71362,2753.19434
26.73307,22.20735,2678.12964
32.03760,78.23778,2804.05469
33.05556,56.54205,2790.89453
41.38054,270.40546,3035.50635
9.39977,83.37119,2917.19385
50.29764,350.30341,2285.37573
44.59552,336.79007,2828.23633
33.29618,9.54047,2725.16016
13.75090,291.32642,3037.97266
40.85350,347.34930,3092.74902
27.25186,73.46133,3175.17383
16.04648,244.56573,3034.83887
27.91201,307.81699,3063.49463
1.04463,323.13852,2884.91821
39.24012,315.19482,3417.31665
38.61790,252.83536,3411.71973
31.04914,45.10151,3093.15381
42.66582,131.38208,3038.52881
23.69499,35.70220,2830.11401
35.85919,103.09418,3094.06104
12.68232,70.46618,3037.85620
36.47493,113.23551,2907.00464
28.60578,295.14658,2795.23828
37.61706,259.96393,3144.42456
23.19416,221.89610,2874.16284
41.11050,3.50569,3070.70166
29.80688,134.74844,3158.06445
42.21111,150.23463,2608.46704
27.17784,128.04201,2635.46973
14.83903,91.75198,2779.03027
39.27142,179.08618,3272.52710
41.91246,306.45731,3064.61890
33.45894,80.66203,2481.03418
35.25409,34.66264,2849.85034
7.82669,271.92572,2340.58960
19.41436,291.50070,2694.04761
5.45263,316.98929,2707.34180
7.54742,134.14706,2908.31689
24.17025,112.89186,2631.28882
37.64760,90.96461,3053.55664
22.36226,240.73410,2615.80835
36.66434,284.59625,3073.36768
37.65974,293.76395,3013.20752
4.00180,229.70912,2917.55444
27.62385,328.96283,2839.60547
21.95685,66.16753,2441.24561
24.37034,63.63665,2570.71313
24.70990,140.36816,2535.89502
36.67375,64.72899,2937.33838
12.13989,55.22816,2740.04663
30.97702,64.59892,2977.40283
35.64196,308.35556,3211.81909
24.87793,38.25454,2500.98853
38.63639,123.84862,2415.74023
20.10552,247.22673,2983.85181
46.40786,349.01624,2266.56128
38.29950,85.46362,2891.42847
37.56923,87.10418,2846.09082
48.46965,178.83542,2761.52319
33.63694,35.45136,2604.50732
19.72413,72.06010,2824.94629
47.53155,124.40816,2648.28418
28.85106,143.39676,2025.46924
17.57460,178.08670,1809.42480
35.61238,307.89975,3398.68335
27.42491,67.64991,2642.59888
27.19505,51.54638,3118.96191
11.50643,2.18488,2301.35083
42.52609,321.65952,3226.83545
52.25422,354.15033,2201.36963
45.19536,151.57095,2869.50684
50.88173,167.71738,2654.44214
14.44738,43.14343,2595.46973
3.24605,82.94433,3041.42798
6.13254,241.29306,2331.26001
19.37319,262.20300,2610.95093
27.49768,284.43121,2958.07544
7.59905,63.03123,2487.71045
5.59976,217.92462,2559.04834
4.53752,267.38605,2416.23022
22.99715,304.03699,2874.21436
31.55997,305.06921,2871.54663
33.34545,59.72916,2987.07202
22.78329,63.37995,2547.71680
30.46662,48.43252,2845.33813
12.94687,303.97141,3023.92749
34.90578,336.97421,2220.05542
40.29948,189.12054,3318.30884
23.32479,54.61936,3265.48438
23.43305,48.76762,3131.92773
40.15396,268.71970,3259.46313
43.86303,5.52954,2515.20508
17.83032,324.88742,2325.29761
32.51542,313.22919,2701.94507
27.96554,55.80302,3050.14868
31.43369,96.85181,3114.78882
51.26288,41.22865,2481.07520
32.98372,344.78918,2326.78467
45.84719,296.68219,2717.73657
30.84564,356.59790,3215.87036
